,证券代码,证券简称,董事长任次,董事长姓名,任职日期,离职日期,性别,国籍,学历,出生年份,个人简历
0,002776.SZ,柏堡龙,第1任(现任),陈伟雄,2015-03-25,2018-03-24,男,中国,--,1978,"陈伟雄先生,中国国籍,无永久境外居留权,出生于1978年。2006年11月至2009年4月曾任柏堡龙有限执行董事、经理;2009年4月至今任广东柏堡龙股份有限公司董事长兼艺术总监。2011年12月至2013年12月曾任武汉纺织大学服装学院客座教授;2011年至今任普宁市第十四届人大代表;2013年12月至今任普宁服装协会常务副会长;2013年12月至今任广东省服装服饰行业协会副会长;2012年5月至今任中国设计师协会会员。2013年8月,中国纺织工业联合会、中国纺织职工思想政治工作研究会授予其“2013中国纺织品牌文化建设杰出人物”称号;2014年8月,广东省服装服饰行业协会、广东省服装设计师协会授予其“广东十佳服装设计师”称号。"
1,300383.SZ,光环新网,第1任(现任),耿殿根,2012-11-30,2019-01-21,男,中国,硕士,1956,"耿殿根,中国国籍,曾拥有加拿大永久居留权,已于2014年12月放弃,男,汉族,毕业于美国德克萨斯阿灵顿商学院,硕士学历。1980年3月至1987年11月在北京工艺品进出口公司担任业务员;1987年12月至1991年1月任北京京美电子技术有限公司业务经理;1991年至1995年在北京华电通信公司担任经理;1995年至1998年任光环集团网络通信部经理;2002年8月19日至2010年3月12日担任百汇达执行董事兼总经理,2010年3月12日辞去百汇达总经理职务,2011年7月30日起不再担任百汇达执行董事职务;自1999年创立光环新网并担任总经理至2014年3月,现任北京光环新网科技股份有限公司董事长,任期至2015年11月。"
2,300021.SZ,大禹节水,第1任(现任),王栋,2005-01-12,2017-04-30,男,中国,硕士,1964,"王栋,男,1964年生,中国国籍,无境外居留权,中共党员,硕士研究生,教授级高级工程师、国务院政府特殊津贴专家。现为中共十八大党代表、中共酒泉市党代会代表、肃州区人大代表、酒泉市政协常委及十一届全国工商联常委、甘肃省工商联副主席。曾荣获甘肃省科技功臣奖、甘肃省科技进步一等奖、酒泉市科技进步一等奖、甘肃省劳动模范、兰州银行杯.2014全省非公经济十大杰出企业家、“甘肃骄傲”2014年度甘肃十大经济人物、酒泉市十佳企业家、优秀共产党员等荣誉称号,甘肃省评标专家,甘肃省人民政府发展研究中心特约研究员,2008年奥运火炬手,2006年入选甘肃省“555创新人才工程”第二层次人选,甘肃省领军人才。2009年被酒泉市政府评为重大科技贡献奖获得者,2010年被中共甘肃省非公有制企业工作委员会评为优秀党员带头人,被甘肃省就业工作领导小组评为甘肃省首届创业明星,被中华全国工商业联合会授予科技进步二等奖;2011年被科技部授予“十一五”国家科技计划执行突出贡献奖。先后完成“内镶贴片式地下灌水器”等30多项科技成果和自主知识产权专利技术,开发成功2个国家重点新产品。主持承担国家“863”计划、“948”科技支撑计划、星火计划、火炬计划等重点科研项目20多项,建设实施国家西部专项、国家农业科技成果转化等产业化推广发展项目10多项。2005年起,任公司党委书记、总裁、董事长。2006年3月辞去公司总裁职务。现任甘肃大禹节水集团股份有限公司董事长、党委书记。"
3,600779.SH,*ST水井,第3任(现任),陈寿祺,2014-08-28,2018-06-29,男,英国,硕士,1955,"陈寿祺,男,国籍,英国,剑桥大学经济专业,文学士。历任菲利普·莫里斯中国公司主席,帝亚吉欧东南亚公司董事总经理,帝亚吉欧大中华区董事总经理。现任四川水井坊股份有限公司第七届董事会董事长。陈先生曾于二零零九年四月至二零一三年六月任职大中华帝亚吉欧洋酒有限公司的董事总经理,专责帝亚吉欧的国际烈酒品牌,如Johnnie Walker、Smirnoff、Baileys及Guinness,任职期间,陈先生成立上海及北京首家Johnnie Walker尊邸,此乃威士忌体验馆。陈先生于二零零七年六月至二零零九年三月任职DiageoS.E.Asia董事总经理。此前,彼曾效力Philip Morris International达25年之久,驻守纽约及亚洲担任一般管理及营销的多个职务。陈先生持有剑桥大学唐宁学院经济学硕士学位,于二零一四年取得《金融时报》非执行董事文凭。陈先生自二零一六年一月一日起获委任为白马户外媒体有限公司执行董事、董事会主席、提名委员会、资本开支委员会及董事证券交易委员会主席以及现金委员会成员,亦自二零一六年一月一日起获委任为公司行政主管。"
4,600548.SH,深高速,第3任(现任),胡伟,2015-01-05,2017-12-31,男,中国,硕士,1962,"胡伟先生,1962年出生,拥有高级经济师的专业资格,长沙铁道学院(现中南大学)英语专业学士学位,南澳大利亚大学风险管理专业硕士学位,拥有丰富的企业管理运营以及投资、融资、资本运作、审计与风险管理等企业管理及境外企业工作经验。胡先生2001年6月至2011年8月期间任职于中国光大银行,历任深圳分行营业部副总经理、总经理、公司业务管理部总经理、总行南部审计中心副主任等职,2011年8月加入深圳国际控股有限公司(“深圳国际”)(香港上市公司)任副总裁,现亦在深圳国际若干非上市子公司或投资企业(包括新通产实业开发(深圳)有限公司(“新通产公司”))兼任董事/董事长职务。胡先生自2012年1月起担任深圳高速公路股份有限公司董事。"
5,000157.SZ,中联重科,第1任,方明华,2000-07-07,2002-10-08,男,中国,本科,1957,"方明华先生:高级总裁,男,1957年生,方先生现兼任中联重科股份有限公司混凝土机械公司总经理、湖南特力液压有限公司董事、中联重科融资租赁(北京)有限公司董事长。方先生于2000年7月至2001年4月及2002年10月至2006年6月分别任中联重科股份有限公司第一届及第二届董事会董事,于2000年2月至2001年4月任中联重科股份有限公司副总经理,于2001年4月至2004年9月任中联重科股份有限公司总经理,并于2006年8月任中联重科股份有限公司副总裁,自2008年9月起任中联重科股份有限公司高级总裁。方先生曾获多项称号及奖项,包括于1998年获国家科技部火炬优秀项目二等奖,于2006年10月获第三届湖南青年企业经营者「鲲鹏奖」及2007年获湖南省十大标志性工程建设先进工作者。方先生于2004年透过网络教育完成于中国无锡市江南大学的工商管理学士课程。"
6,000532.SZ,力合股份,第2任,冯冠平,2001-04-16,2011-05-12,男,中国,博士,1946,"冯冠平,男,1946年出生,中国国籍,无境外永久居留权,教授、博士生导师。1993年至1998年,任清华大学科技处处长、校长助理、校务委员会副主任;1998年至2011年,任深圳清华大学研究院院长;1999年至今,任深圳力合天使创业投资管理有限公司董事长;2001年4月至2003年7月,任珠海华电股份有限公司(注:2003年7月30日由“珠海华电股份有限公司”更名为“力合股份有限公司”)董事长;2003年7月至2011年5月,任力合股份有限公司董事长;2005年6月至2011年5月,任力合股份有限公司董事会战略委员会主任;2011年5月至2014年5月,任力合股份有限公司董事;2011年至今,任深圳力合天使创业投资管理有限公司董事长;2011年至今,任常州第六元素材料科技股份有限公司董事;至今还担任常州二维碳素科技有限公司董事长、无锡格菲电子薄膜科技有限公司董事、深圳力合光电传感股份有限公司董事。"
7,002602.SZ,世纪华通,第1任(现任),王苗通,2008-09-26,2017-11-23,男,中国,硕士,1957,"王苗通,男,1957年6月出生,中国国籍,无永久境外居留权,EMBA,经济师,绍兴市人大代表。曾担任上虞华通汽配厂厂长、浙江华通汽车塑料件有限公司总经理等职,2005年10月至2008年9月任浙江世纪华通车业有限公司董事长,2008年9月至今任浙江世纪华通集团股份有限公司董事长,现兼任浙江华通控股集团有限公司董事长、总经理,浙江华通工贸有限公司执行董事、总经理,上虞全世泰贸易有限公司执行董事、总经理,浙江全世通模塑有限公司董事长,浙江金通置业有限公司监事,浙江金盾华通房地产开发有限公司董事等职务。曾获得绍兴市劳动模范、浙江省优秀社会主义事业建设者、绍兴市优秀社会主义事业建设者、绍兴市上虞区优秀企业家等荣誉称号。"
8,002004.SZ,华邦健康,第1任(现任),张松山,2004-09-19,2018-05-21,男,中国,博士,1961,"张松山先生,中国籍,1961年出生,博士学位,高级工程师。1985年10月至1987年10月于防化指挥工程学院工作;1987年至1992年就读于北京大学化学系;1992年3月至1994年9月任重庆华邦生化技术有限公司总经理,1994年至2001年9月历任重庆华邦制药有限公司董事、总经理,兼任新药开发部研究员;2001年9月至今担任华邦颖泰股份有限公司董事长,2012年11月至今担任华邦颖泰股份有限公司总经理。张松山先生同时兼任重庆汇邦旅业有限公司董事长、北京颖泰嘉和生物科技有限公司董事、重庆华邦制药有限公司董事、重庆华邦酒店旅业有限公司董事长、陕西汉江药业集团股份有限公司董事、丽江解脱林旅游发展有限公司董事、丽江玉龙雪山旅游开发有限责任公司董事、贵州信华乐康投资有限公司董事、重庆市北部新区同泽小额贷款有限责任公司董事、浙江云涛生物技术股份有限公司董事、西藏林芝百盛药业有限公司董事、凭祥市大友旅游发展有限公司董事、重庆两江新区科易小额贷款有限公司董事、陕西太白山旅游交通运输有限公司董事、陕西太白山(集团)眉县索道建设有限公司董事。"
9,601992.SH,金隅股份,第1任,蒋卫平,2009-04-28,2015-07-01,男,中国,硕士,1954,"蒋卫平,1954年10月出生,1970年7月参加工作,北京行政学院国民经济管理专业毕业,研究生学历,高级经济师,高级政工师。1970年7月至1994年3月历任北京东方红炼油厂工人,北京市大理石厂供销科统计员、副科长、科长、副厂长,北京市建材工业总公司企管处主任科员、企管处副处长、办公室副主任,北京建材集团总公司办公室主任、总经理助理;1994年3月至2007年8月历任北京建材集团有限责任公司副总经理,北京金隅集团有限责任公司副总经理,北京金隅股份有限公司副总经理(其间于2002年6月至2003年6月挂职内蒙古自治区通辽市市政府党组成员、副市长);2007年8月至2008年5月任北京金隅集团有限责任公司党委常委、总经理,北京金隅股份有限公司董事、总经理;2008年5月至2012年7月任北京金隅集团有限责任公司党委书记、董事长,北京金隅股份有限公司董事长;2012年7月至今任北京金隅集团(股份)公司党委书记、北京金隅集团有限责任公司董事长、北京金隅股份有限公司董事长。"
10,600760.SH,中航黑豹,第2任,谭瑞松,2003-11-18,2004-12-29,男,中国,博士,1962,"谭瑞松先生,副董事长兼总裁,研究员级高级工程师.谭先生一九八三年毕业于北京航空学院,主修发动机制造与设计专业,并获得学士学位,二零零二年获得哈尔滨工程大学船舶与海洋工程专业硕士学位,二零零六年获哈尔滨工程大学管理科学与工程博士学位.谭先生一九八三年七月起开始从事航空事业,先后任国营东安机械厂工艺员、技术主任、车间主任;哈尔滨东安发动机制造公司副总工程师、副总经理;哈尔滨东安汽车动力股份有限公司总经理;哈尔滨东安发动机 (集团) 有限公司董事、副董事长、总经理;哈尔滨航空工业 (集团) 有限公司董事长;中航第二集团公司副总经理.谭先生于二零零五年六月起出任中国航空科技工业股份有限公司董事,二零零六年六月起任中国航空科技工业股份有限公司副董事长、执行董事;二零零八年十月起出任中国航空科技工业股份有限公司副董事长、执行董事兼总裁."
11,600310.SH,桂东电力,第3任(现任),秦敏,2014-04-18,2017-08-28,男,中国,硕士,1969,"秦敏,男,1969年9月生,在职研究生。2006年1月至2011年2月,历任广西壮族自治区金融工作办公室证券期货处副处长、处长;2011年2月至2013年8月,任广西壮族自治区金融工作办公室银行处处长兼小额贷款公司监管处处长;2013年8月至2014年1月,任广西壮族自治区金融工作办公室银行处处长;2014年1月至2014年2月,任广西壮族自治区金融工作办公室银行保险处处长;2014年2月至今,任广西正润发展集团有限公司副董事长、党委副书记;2014年4月至今,任广西桂东电力股份有限公司董事长、党委书记,并于2014年8月至今兼任总裁、财务负责人;2014年8月至2015年1月,任广西桂能电力有限责任公司董事长;2014年9月至今,任钦州永盛石油化工有限责任公司董事长;2014年12月至今,任国海证券股份有限公司董事。"
12,002500.SZ,山西证券,第2任(现任),侯巍,2015-02-13,2018-05-19,男,中国,硕士,1972,"侯巍先生,1972年8月出生,汉族,中共党员,硕士学位。自1994年7月至2001年12月,历任山西省信托投资公司南宫证券营业部职员、经理助理、监理、经理;期间兼任山西省信托投资公司证券业务部投资银行部经理;2001年12月至2007年4月任山西证券有限责任公司党委委员、副总经理;2007年4月至2008年1月任山西证券有限责任公司党委委员、董事、总经理;2008年2月至2015年2月任公司董事、总经理;2008年4月至2010年9月任大华期货有限公司董事;2009年4月至今任中德证券有限责任公司董事长;2008年2月至2014年12月山西证券股份有限公司党委委员、党委副书记;2014年12月至今任山西证券股份有限公司党委书记;2015年2月至今任山西证券股份有限公司董事长、总经理。"
13,300352.SZ,北信源,第1任(现任),林皓,2009-12-03,2016-04-19,男,中国,硕士,--,"林皓先生,现任北京北信源软件股份有限公司董事长、总经理;作为资深信息安全技术专家,林皓先生长期担任国家安全部门和公安部门的信息安全技术顾问,在林皓先生牵头负责下,公司荣获2010年度国家科学技术进步二等奖。林皓先生1988年7月毕业于原电子工业部杭州电子工业学院(现杭州电子科技大学),曾就职于原电子工业部南京第十四研究所、南京信源自动化技术公司,林皓先生自1991年开始研究反病毒技术,具有丰富的信息安全产品研究、开发经验。林皓先生凭借其对国内外信息安全技术发展趋势的敏感和准确把握,开发了具有自主知识产权的杀毒专家、违规联网监控、内网安全及补丁分发管理系统、主机监控强审计系统、网络安全管理平台、网络准入控制系统、可移动存储管理系统、存储介质信息消除系统、信息安全通告平台等多个创新性信息安全产品。同时,林皓先生屡获殊荣,曾荣获中国信息化突出贡献人物、中国信息产业风云人物等荣誉称号及第五届科技之光优秀企业家、改革开放三十年中国信息安全产业终身成就奖、中国软件行业领军人物等诸多奖项。林皓先生还多次参与国家级信息安全项目的规划实施及相关标准制定,并多次协助国家信息安全机构拟定及修改有关规定,为中国信息安全事业做出了重大贡献。"
14,002285.SZ,世联行,第1任(现任),陈劲松,2007-08-21,2016-09-11,男,中国,硕士,1964,"陈劲松先生,中国国籍,持有香港永久性居民身份证,1964年1月8日生,硕士研究生学历。1993年创立深圳世联行地产顾问股份有限公司,历任世联中国、世联行董事长。目前兼任中国房地产业协会城市开发委员会副主任委员、建设部房地产估价与房地产经纪专家委员会委员,中国房地产估价师与房地产经纪人学会资深会员、理事会顾问,广东省房地产行业协会专家咨询委员会副主任委员,深圳市法定图则委员会委员,阿拉善SEE生态协会会员,深圳市红树林湿地保护基金会发起人、副理事长。现任深圳世联行地产顾问股份有限公司董事长,任期为2013年9月12日至2016年9月11日。陈先生有逾20年房地产开发业经验，曾主编并出版多项关于房地产发展理论及市场研究的着作。"
15,002170.SZ,芭田股份,第1任(现任),黄培钊,2007-07-10,2016-07-24,男,中国,博士,1960,"黄培钊先生,汉族,1960年7月出生,植物营养学博士,高级农艺师,中国国籍。1992年3月至2001年8月,在深圳市芭田复合肥有限责任公司任农艺师、副厂长、总经理、董事长兼总经理;2001年7月至2007年10月任深圳市芭田生态工程股份有限公司董事长兼总经理;2009年6月起兼任和原生态控股股份有限公司董事长;2007年11月至今任深圳市芭田生态工程股份有限公司董事长兼总裁。先后担任中国人民政治协商会议深圳市第三届、第四届、第五届委员,2004年被国家标准化管理委员会聘请为“全国肥料和土壤调理剂标准化技术委员会委员”,广东省肥料协会理事会副会长。2001年7月至今任深圳市芭田生态工程股份有限公司第一、第二、第三、第四届、第五届董事会董事长。"
16,000615.SZ,湖北金环,第4任,蒋岚,2008-08-14,2012-04-11,男,中国,博士,1969,"蒋岚先生,北京大学国际EMBA(工商管理)硕士研究生毕业;武汉大学社会学博士在读;1995年至2003年湖北中通投资有限公司总经理;2003年至今,武汉耀天贸易有限公司董事长;2006年至今,湖北省商贸物流协会副会长;武汉市拍卖行业协会会长;2008年1月至今,湖北嘉信投资咨询有限公司总裁;2008年3月至2012年3月,湖北嘉信投资集团有限公司董事长;2008年8月至今任湖北金环股份有限公司董事。2008年10月至今任湖北金环房地产开发有限公司董事,2009年4月至今任湖北金环房地产开发有限公司董事长。2008年4月至2012年4月任湖北金环股份有限公司董事长。2012年4月起任湖北金环股份有限公司副董事长。"
17,002446.SZ,盛路通信,第1任(现任),杨华,2007-05-16,2018-01-27,男,中国,硕士,1965,"杨华先生:1965年8月出生,中国天线技术联合会成员,广东省电子协会理事,美国IEEE学会会员。曾在国内外学术刊物上发表过多篇学术论文,并参与《移动通信天线技术规范》GB9410-88,《室内无绳电话天线标准》等国家标准的编写工作,是我国天线行业的著名专家和企业家。1989年毕业于西安电子科技大学电磁场专业,清华大学EMBA。1989年至1995年3月任佛山市三水西南通讯设备厂技术员、工程师,1995年3月至1998年10月任广东佛山市三水机电研究所所长,1998年12月至今在广东盛路通信科技股份有限公司及其前身担任董事长兼总经理。杨华先生2004年荣获佛山市科技局授予的佛山市科技进步一等奖。2005年被广东省委评为广东省优秀中国特色社会主义建设者。"
18,600068.SH,葛洲坝,第4任,丁焰章,2011-11-16,2013-06-09,男,中国,硕士,1964,"丁焰章,男,1964年1月出生,汉族,湖北罗田人,硕士研究生,中共党员,高级工程师(教授级).1984年7月参加工作,自2006年,曾任中国葛洲坝水利水电工程集团有限公司董事、副总经理,澜沧江施工局局长(兼)、葛洲坝股份有限公司董事(兼)、西南工程总公司总经理(兼),中国葛洲坝集团公司副总经理、党委常委、党委书记,中国葛洲坝集团股份有限公司党委常委、董事、总经理、党委书记,中国葛洲坝集团国际工程有限公司董事长(兼).现任中国能源建设集团有限公司董事、总经理、党委副书记,中国葛洲坝集团公司总经理、党委书记,中国葛洲坝集团股份有限公司董事长.丁先生于1984年7月毕业于葛洲坝水电工程学院，获机械专业学士学位，于2000年1月获华中师范大学行政管理专业硕士学位，并于2000年4月毕业于华中师范大学。丁先生于2005年12月获葛洲坝集团颁授的教授级高级工程师资格。自2014年12月19日担任为中国能源建设股份有限公司执行董事和副董事长，亦为中国能源建设股份有限公司总经理。他主要负责协助董事长制定及实施中国能源建设股份有限公司的整体业务及经营战略，并全面负责中国能源建设股份有限公司的日常管理和生产经营工作。"
19,600806.SH,*ST昆机,第4任,高明辉,2007-01-04,2011-07-27,男,中国,硕士,1963,"高明辉,男,1963年出生,研究生学历,学士学位。现任沈机集团昆明机床股份有限公司非执行董事、党委书记。1988年毕业于东北大学机械系,先后任沈阳第一机床厂研究所设计员、副所长、所长,沈阳第一机床厂副总工程师、总经理助理、副总经理、总经理,2002年1月起,兼任沈阳机床股份有限公司副总裁,2004年8月任云南机床厂董事长(后2006年更名为云南CY集团有限公司),2006年起任沈阳机床(集团)昆明有限公司董事长,2006年10月30日起担任沈机集团昆明机床股份有限公司董事,2007年10月23日~2008年4月29日兼任沈机集团昆明机床股份有限公司总经理,2006年12月30~2011年7月28日任沈机集团昆明机床股份有限公司董事长。董事任期到2015年2月11日,现已离任。"
20,600677.SH,航天通信,第2任,陈鹏飞,2001-06-29,2006-12-23,男,中国,硕士,1966,"2003-07-01:第四届连任,陈鹏飞,男,中共党员,吉林大学研究院研究生毕业,经济学硕士,研究员职称,曾任煤炭工业部太原煤炭气化总公司科技工程中心常务副主任,中国华兰德国际工程技术公司山西公司电子工程处处长,航天工业部航晋工程技术公司副总经理,航空航天工业部二院山西航天电子公司总经理,中国航天工业总公司山西航天工业发展总公司党委书记总经理,中国航天机电集团山西航天机电技术研究所所长、党委书记,中国之友基金会投资银行部部长、香港中润国际投资有限公司董事局董事、常务副总裁,现任本公司董事长、党委书记.曾获全国五一劳动奖章,为第九、十届全国人大代表,先后著有《国有资产管理学》、《现代企业与跨国企业》等书,在国家一级刊物发表过十多篇经济学术论文."
21,603566.SH,普莱柯,第1任(现任),张许科,2014-03-22,2017-03-22,男,中国,本科,1963,"张许科先生,普莱柯生物工程股份有限公司董事长,1963年出生,毕业于河南农业大学兽医专业,本科学历,研究员职称,国务院特殊津贴专家,中国国籍,无永久境外居留权。曾任洛阳市铁路兽医检疫站兽医师、洛阳市畜牧兽医工作站高级兽医师、洛阳普莱柯生物工程有限公司执行董事、洛阳惠中兽药有限公司董事长兼总经理等职务。现担任普莱柯生物工程股份有限公司董事长职务,目前还兼任普泰公司董事、河南省第十一届政协委员、河南科技大学兼职教授、河南农业大学兼职教授及硕士生导师、中国畜牧兽医学会副理事长、中国微生物学会兽医微生物学专业委员会委员、河南省畜牧兽医学会第八届理事会副理事长、洛阳市民营企业家联合会常务副主席等职务。先后被评为“全国优秀科技工作者”、“全国畜牧富民功勋人物”、“河南省跨世纪学术与技术带头人”、“河南最具影响力的100位企业家”、“第八批河南省优秀专家”,并先后荣获“新中国60年畜牧兽医科技贡献奖(杰出人物)”、“河南省劳动模范”、“河南省科技创新十佳先进个人”、“河南省优秀民营企业家”、“洛阳市经济发展突出贡献先进个人”等荣誉称号。张许科先生先后主持了国家863计划项目、国家高新技术产业化专项、国家科技支撑计划项目课题、河南省重大科技专项等国家和省级项目8项。科研成果曾荣获国家科技进步奖1项、教育部科技进步奖1项、河南省科技进步一等奖1项、二等奖1项、三等奖5项,河南省“星火计划”二等奖1项、三等奖1项。在各类学术刊物上公开发表论文论著41篇,其中于核心期刊发表论文18篇,并编写出版著作2部。"
22,000878.SZ,云南铜业,第3任,杨超,2010-06-18,2013-01-25,男,中国,硕士,1956,"杨超先生,男,汉族,籍贯云南石屏,在职研究生,高级经济师.1956年7月出生,1974年8月参加工作,1975年7月加入中国共产党.杨先生历任云锡技校任团总支书记,云锡三冶炼厂任团委副书记,云锡三冶炼厂任党办主任,云锡三冶炼厂合金车间任党总支书记,个旧锡都实业总公司任副总经理,个旧锡都实业总公司任总经理,云锡集团公司党政办主任、经理助理、副总经理、总经理.2002年9月至2005年8月,任云锡集团公司党委常委、常务副总经理、董事;2005年9月至2008年1月,任云锡集团公司总经理、副董事长、党委副书记;2008年1月至今,任云南铜业(集团)有限公司董事、总经理、党委副书记;2008年2月至2010年6月,任云南铜业股份有限公司副董事长,2010年6月至今,任云南铜业股份有限公司董事长."
23,600101.SH,明星电力,第7任(现任),秦怀平,2012-07-18,2018-08-25,男,中国,硕士,1964,"秦怀平,男,汉族,1964年1月生,中共党员,研究生,政工师。1981年9月-1983年7月,重庆电力技校电气专业学习;1983年7月-1986年10月,西昌供电局变电工区开关检修班;1986年10月-1989年3月,西昌供电局团委副书记;(其间:1984年10月-1988年12月,四川省高等教育自学考试汉语言文学大专学习);1989年3月-1993年9月,西昌供电局团委书记;1993年9月-1996年3月,西昌电业局教育处副处长;(其间:1994年9月-1996年12月,四川省委党校经济管理专业本科学习);1996年3月-1998年3月,西昌电业局变电运行工区书记;1998年3月-2000年3月,西昌电业局变电运行主任;2000年3月-2001年9月,西昌电业局多产部主任;2001年9月-2003年9月,西昌电业局局长助理;(其间:2002年9月-2004年7月,四川省工商管理学院工商管理专业研究生学习);2003年9月-2005年12月,西昌电业局副局长;(其间:2004年5月-2005年12月,兼任四川喜德供电公司董事长);2005年12月-2008年7月,四川省电力公司甘孜公司总经理;2008年7月-2010年11月,四川省电力公司阿坝公司总经理、党委副书记;2010年4月-2012年6月,四川阿坝州电力有限责任公司董事长兼总经理、党委副书记;2010年11月-2012年6月,四川省电力公司阿坝公司总经理;2012年7月至今,四川明星电力股份有限公司董事长。"
24,002473.SZ,圣莱达,第1任,杨宁恩,2009-03-30,2015-08-12,男,中国,硕士,1951,"杨宁恩:中国国籍,拥有加拿大永久居留权,男,1951年生,EMBA在读,高级经济师。曾任宁波海运公司通信导航所所长、宁波立华机电有限公司副总经理、宁波市江北圣利达电热电器有限公司总经理、圣利达科技执行董事兼总经理、宁波圣莱达电器有限公司董事长兼总经理、宁波圣莱达电器股份有限公司总经理。现任宁波圣莱达电器股份有限公司董事长、爱普尔(香港)电器有限公司董事、宁波爱普尔温控器有限公司董事长、宁波爱浦尔电器有限公司董事长、宁波金阳光电热科技有限公司执行董事、宁波圣利达电气制造有限公司执行董事、宁波圣莱达电热科技有限公司董事长、圣利达(香港)投资管理有限公司执行董事、圣莱达(香港)电器有限公司执行董事、宁波市江北区政协委员。"
25,000597.SZ,东北制药,第2任,董增贺,2005-05-18,2006-11-17,男,中国,硕士,1966,"董增贺先生,于二零一三年三月六日获委任加入董事会,董先生于一九八九年毕业于华东化工学院(现称华东理工大学)获颁工程学学士学位,并于二零一一年获得清华大学经济管理学院高级工商管理专业工商管理硕士学位。董先生亦为高级工程师。董先生拥有二十四年医药行业生产与管理经验。董先生曾于二零零五年二月至二零零七年一月先后担任东北制药总厂厂长、东北制药集团股份有限公司(于深圳证券交易所上市公司,股份代号:000597)董事长以及东北制药集团有限责任公司董事长及总经理职位。董先生也曾于二零零七年一月至二零零七年九月担任国药集团副总工程师,并自二零零七年九月起至今担任国药集团副总经理,以及自二零一二年六月起担任中国药材公司董事长。"
26,002418.SZ,康盛股份,第1任(现任),陈汉康,2007-06-27,2016-07-19,男,中国,本科,1961,"陈汉康:男,中国国籍,无永久境外居留权,1961年9月出生。中共党员,大学学历,高级经济师,浙江省第十二届人大代表,淳安县企业家协会副会长,淳安县民营企业协会副会长,淳安县慈善总会副会长,淳安县红十字会副会长。曾荣获浙江省供销系统劳动模范、杭州市优秀社会主义事业建设者、淳安县优秀企业家、淳安县优秀党员等荣誉称号。2002年11月进入浙江康盛股份有限公司工作,现任浙江康盛股份有限公司董事长、法定代表人,并兼任浙江省淳安县博爱制冷元件有限公司法定代表人、浙江康盛邦迪管路制品有限公司法定代表人、浙江康盛伟业家电零部件制造有限公司法定代表人、新乡康盛管业有限公司法定代表人、淳安康盛钢带制造有限公司法定代表人、淳安康盛空调配件制造有限公司法定代表人、合肥康盛管业有限责任公司法定代表人、新乡康盛制冷配件有限公司法定代表人、六安康盛管业有限责任公司法定代表人、徐州康盛制冷配件有限公司法定代表人、浙江康盛科工贸有限公司法定代表人、浙江康盛热交换器有限公司法定代表人、上海康盛新型制冷配件有限公司法定代表人、无锡康盛电器配件有限公司法定代表人、淳安康盛毛细管制造有限公司法定代表人、淳安康盛机械模具有限公司法定代表人、成都森卓管业有限公司法定代表人、江苏康盛管业有限公司法定代表人、安徽康盛管业有限公司法定代表人、杭州千岛湖康盛小额贷款股份有限公司法定代表人。"
27,000958.SZ,东方能源,第4任,李行宇,2008-10-29,2009-09-25,男,中国,本科,1959,"李行宇 男,汉族,1959年7月生,河北省深州市人,1976年6月参加工作,1985年4月加入中国共产党,大学学历,工学学士,高级经济师. 1976年6月至1978年12月山西省清徐县插队; 1978年12月至1979年7月中国人民解放军海军集训队学习;1979年7月至1993年1月中国人民解放军海军八零二厂技工、技术员、助理工程师、工程师、通信导航技术组组长、通信主任、电子机械主任(其间在中国人民解放军海军舰船维修学院学习);1993年1月至1994年12月中国人民解放军海军八零二厂工程处主任、技术科长(其间在中国人民大学经济管理学院学习);1994年12月至1999年2月太原第一热电厂外事联络办公室主任、厂长办公室主任、接待处主任、厂容办主任、交安委主任、厂长助理兼物业公司总经理和党总支书记,厂党委委员;1999年3月至2001年8月太原第一热电厂厂长助理兼多种经营集团公司总经理、副总政工师兼党委宣传部长,太原晋阳集团有限公司总经理;2001年8月至2002年10月山西漳泽实业有限公司总经理兼长治漳电实业有限公司董事长、山西光华电力工程有限公司董事长、河津龙门实业有限公司董事长;2002年10月至2004年10月山西漳泽实业有限公司董事长兼总经理和党委负责人、中国电力投资集团公司山西区域辅业公司筹备组组长;2004年10月至2005年4月山西漳泽控股有限公司董事长兼总经理、中国电力投资集团公司华北区域检修公司筹备组负责人;2005年4月至2005年6月山西漳泽控股有限公司董事长、山西中电电力工程有限公司和山西漳泽电力检修分公司总经理;2005年6月至2007年7月中电投华北电力工程有限公司和山西漳泽电力检修公司总经理;2007年7月至今中国电力投资集团公司华北分公司和山西漳泽电力股份有限公司总经理助理兼发展与工程管理部经理、中国电力投资集团公司华北发电项目管理公司总经理."
28,600166.SH,福田汽车,第2任(现任),徐和谊,2007-02-28,2016-06-24,男,中国,博士,1957,"徐和谊,性别:男民族:回族出生日期:1957年11月政治面貌:中共党员学历:博士职称:教授级高级工程师历任:首钢总公司副总经理;北京市经济委员会党组副书记、副主任;中共北京市工业工作委员会副书记、北京市经委副主任(正局级);北京汽车工业控股有限责任公司副董事长、党委副书记。现任:北京汽车集团有限公司党委书记、董事长;北京现代汽车有限公司党委书记、董事长;北京奔驰汽车有限公司董事长;北京汽车投资有限公司董事长;北京汽车制造厂有限公司董事长;北京普莱德新能源电池科技有限公司董事长;北京现代摩比斯汽车配件有限公司董事长。社会兼职及荣誉称号:中国汽车工业协会常务理事、北京市汽车行业协会副会长、北京市企业家联合会、北京市企业协会常务副会长、北京市科协常委、北京市消费者协会副会长、首都企业家俱乐部副理事长、顺义区人民政府顾问、中国汽车工业50周年最具影响力人物、中国经济十大新闻人物、北京市劳动模范、北京市最佳合资企业CEO。徐和谊先生自北京汽车股份有限公司于2010年9月20日成立起受雇于北京汽车股份有限公司,现时担任北京汽车股份有限公司董事长、党委书记和非执行董事。现任:北京汽车集团有限公司董事长,北京汽车股份有限公司董事长,北京现代汽车有限公司董事长,北京奔驰汽车有限公司董事长,北京汽车投资有限公司董事长,北京普莱德新能源电池科技有限公司董事长、北京香港投资有限公司董事长、北京梅赛德斯—奔驰销售服务有限公司副董事长、北京通用航空有限公司任董事长、北京新能源汽车股份有限公司任董事长、江西昌河汽车有限责任公司任董事长、北京电控爱思开科技有限公司任董事长。社会兼职:中国汽车工业协会常务理事,北京市汽车行业协会副会长,北京市企业家联合会、北京市企业协会常务副会长,北京市科协常委,北京市消费者协会副会长,首都企业家俱乐部副理事长等职,并被聘为顺义区人民政府顾问,2013年当选第十二届全国人民代表大会代表。"
29,600855.SH,航天长峰,第6任(现任),全春来,2012-10-10,2016-04-24,男,中国,硕士,1959,"全春来:男,1959年出生,硕士,研究员。1988年3月-2001年10月在航天科工集团二院23所历任工程师、高工、研究员、研究室主任、主任、副所长、党委委员,2001年10月-2004年10月任航天科工集团二院706所、204所所长,2003年3月至今任航天科工集团二院副院长、党委成员,2003年3月-2009年12月任长峰科技工业集团公司董事、总经理、党委书记,2002年2月-2010年5月先后任北京航天长峰股份有限公司副总经理、总经理、董事、副董事长、董事长。2012年10月起任本公司董事长。1990年、1993年被航空航天部破格评聘为高级工程师、研究员。1997年至2001年被国家科委高新技术司聘为863/CIMS主题专业专家组成员,2001至2004年被国家科技部聘为“十五”863/CIMS主题专家组成员,1991年被航空航天部授予首届“航天十佳”青年,1992年起享受政府特殊津贴,2000年11月被航天机电集团评聘为有突出贡献的专家,2001年被国家科技部评为863计划十五周年先进个人,2002至2005年任北京市海淀区十三届人大代表,2008年任奥运安保项目总指挥。"
30,000750.SZ,国海证券,第4任(现任),何春梅,2014-12-01,2017-11-30,女,中国,硕士,1969,"何春梅,女,1969年5月生,工程硕士。1996年3月至2009年12月,历任广西开发投资有限责任公司融资部副经理、财务部副经理、经理、总经理;2009年12月至2010年12月,任广西投资集团有限公司总裁助理兼办公室主任;2001年9月至2010年12月,任国海证券有限责任公司监事;2010年12月至2014年9月,任广西壮族自治区金融工作办公室副主任、党组成员、机关党委书记;其间2012年3月至2013年1月,在中国证监会挂职,任中国证监会非上市公众公司部副主任;2014年9月至今,任广西投资集团有限公司党委副书记;2014年9月至2014年12月,任国海证券股份有限公司党委副书记;2014年10月至今,任国海富兰克林基金管理有限公司董事;2014年11月至今,任国海创新资本投资管理有限公司董事;2014年12月至今,任国海证券股份有限公司党委副书记、董事长兼总裁。"
31,000656.SZ,金科股份,第4任,吴坚,2007-02-01,2008-03-27,男,中国,硕士,1964,"吴坚,中共党员,现任西南证券股份有限公司副总裁,重庆股份转让中心有限责任公司董事、总裁,重庆仲裁委仲裁员。吴坚先生于1985年参加工作,曾任重庆市经济体制改革委员会主任科员,重庆市证券监管办公室副处长,重庆证监局上市处处长,重庆渝富资产经营管理集团有限公司党委委员、副总经理,重庆东源产业投资股份有限公司董事长,重庆机电股份有限公司董事,重庆上市公司董事长协会秘书长,西南证券有限责任公司董事,安诚财产保险股份有限公司副董事长,重庆银海融资租赁有限公司董事长,重庆直升机产业投资有限公司副董事长,华融渝富股权投资基金管理有限公司副董事长,西南药业股份有限公司独立董事,西南证券董事。吴先生于投资及证券市场方面拥有逾18年经验。"
32,002746.SZ,仙坛股份,第1任(现任),王寿纯,2014-01-10,2017-01-10,男,中国,大专,1962,"王寿纯先生,1962年6月出生,毕业于山东农业大学经济管理专业(大专)。2001年以前从事个体经营、承包养殖,2001年6月创立公司至今,历任山东仙坛股份有限公司总经理、执行董事、董事长,现任山东仙坛股份有限公司董事长、总经理,公司子公司山东仙坛食品有限公司、烟台仙坛油脂有限公司、山东仙鸿食品有限公司执行董事、总经理。王寿纯先生为公司主要发起人、控股股东、实际控制人,持有公司5,200万股股份。王寿纯先生现为蛤堆后村民委员会主任、村党委书记、中国畜牧业协会理事会主席团副主席、常务理事、中国畜牧业协会禽业分会会长,并曾任山东省畜牧协会饲料分会副会长、山东省肉类协会常务理事、山东省畜牧协会畜禽产品产销分会理事、中国肉类协会会员理事、烟台市第十五届、十六届人民代表大会代表、烟台市人大农委委员;先后获得过山东省乡村之星、烟台市发展乡镇企业先进个人、烟台市优秀民营企业家、烟台市劳动模范、牟平区改革开放30年杰出人物等荣誉。"
33,300300.SZ,汉鼎股份,第1任(现任),吴艳,2010-04-01,--,女,中国,硕士,1981,"吴艳,女,董事长,1981年出生,硕士,经济师。2009年6月至2010年4月任汉鼎信息科技股份有限公司董事,2010年4月至今任汉鼎信息科技股份有限公司董事长,2014年1月至2015年1月任公司总经理。2010年6月至2010年12月任浙江汉爵科技有限公司总经理。2010年6月至今任浙江汉爵科技有限公司执行董事,2012年9月至今任上海汉鼎信息技术有限公司董事,2013年10月至今浙江汉动信息科技有限公司董事长,2014年8月至今任浙江搜道网络技术有限公司董事,2014年10月任汉鼎国际发展有限公司首任董事。2014年2月任汉鼎宇佑集团有限公司董事,2012年12月至今任浙江汉鼎宇佑影视传媒有限公司执行董事。"
34,600895.SH,张江高科,第2任,戴海波,1999-12-31,2003-06-18,男,中国,本科,1962,"戴海波,男,1962年7月生,江苏靖江人,中共党员,大学学历,工学学士,副教授。  历任上海交通大学团委副书记;团市委副书记;浦东新区社会发展局党组书记、局长;浦东新区工作党委委员、组织部(劳动人事局)部长(局长);上海市张江高科(600895,股吧)技园区开发公司党委副书记、总经理;上海张江(集团)有限公司党委书记、总经理;浦东新区区委副书记、副区长;南汇区委副书记、区长;南汇区委书记,上海临港新城管委会党组书记、常务副主任;浦东新区区委副书记、副区长,上海综合保税区管委会党组书记、常务副主任等职。  2012.03,中共上海市经济和信息化工作委员会副书记;  2012.04,上海市经济和信息化委员会主任;  2013.02,上海市人民政府副秘书长;  2013.09,上海市人民政府副秘书长、上海自贸试验区管委会党组书记、常务副主任。  2014年9月,上海市政府副秘书长戴海波不再担任上海自贸试验区管委会常务副主任、党组书记。"
35,002081.SZ,金螳螂,第1任(现任),倪林,2004-03-01,2019-04-07,男,中国,硕士,1968,"倪林:男,中国国籍,1968年10月出生,EMBA硕士,高级工程师,一级建造师。1990年毕业于苏州城建环保学院建筑学专业,2006年毕业于中欧商学院EMBA。历任苏州建筑装饰工程公司设计部经理,苏州金螳螂建筑装饰有限公司设计部经理、二分公司经理、总经理助理、总经理、董事长,现任苏州金螳螂建筑装饰股份有限公司董事长,江苏省建筑行业协会副会长,江苏省建筑市场管理协会副会长,苏州市建筑业协会副会长,苏州金螳螂控股有限公司董事,苏州金螳螂企业(集团)有限公司董事,苏州金螳螂公益慈善基金会理事,苏州金螳螂园林绿化景观有限公司董事,金螳螂家居电子商务(苏州)有限公司董事,苏州金螳螂市政景观有限公司董事,金螳螂家装电子商务(苏州)有限公司董事,金螳螂精装科技(苏州)有限公司董事,金螳螂供应链管理(苏州)有限公司董事,HBAInternational董事。"
36,300399.SZ,京天利,第1任(现任),钱永耀,2014-02-17,2017-02-19,男,中国,硕士,1965,"钱永耀先生,1965年生,中国国籍,无境外居留权,硕士。1988年至1992年任职于上海国际信托有限公司;1995年至2004年任上海联和投资有限公司总经理助理;2004年至2006年任鑫源投资执行董事;2006年1月至2011年3月任天利有限执行董事。钱永耀先生还曾兼任上海航空股份有限公司董事、上海市有线网络有限公司董事、北京鑫诺卫星通信有限公司董事、上海惠普租赁有限公司副董事长、诺基亚(苏州)电信有限公司副董事长、上海联创投资有限公司董事长、上海中科合臣股份有限公司副董事长、西安通源石油科技股份有限公司董事长和上海贝岭股份有限公司独立董事等多家公司董事职务。现任北京无线天利移动信息技术股份有限公司董事长,兼任公司股东天津智汇执行事务合伙人,兼任上海杭信董事、总经理,上海杭信与发行人无其他关联关系。"
37,300243.SZ,瑞丰高材,第1任(现任),周仕斌,2009-09-01,2018-11-30,男,中国,大专,1962,"周仕斌:男,汉族,中国国籍,无境外永久居留权,1962年3月出生,中共党员,大专学历,高级经济师。1989年6月任沂源县化肥厂副厂长;1991年11月至1993年8月任沂源县东里镇党委副书记;1993年9月至1998年3月任山东沂源酿酒总厂厂长和党委书记;1998年4月至2001年4月任沂源县劳动局副局长;2001年4月至2003年7月任山东瑞丰化工有限公司董事长和党委书记;2001年10月至今任公司董事长、法定代表人。2012年9月至今兼任临沂瑞丰高分子材料有限公司法定代表人;2015年6月至今兼任瑞丰高财(上海)商业保理有限公司法定代表人;2015年9月至今兼任深圳前海瑞丰联创创业投资有限公司法定代表人。"
38,600560.SH,金自天正,第1任,张剑武,2003-01-27,2015-01-14,男,中国,硕士,1965,"张剑武,男,中国国籍,47 岁,中共党员,教授级高级工程师,工学硕士.1985年毕业于南京航空学院计算机应用专业,1987年东北大学研究生院计算机应用专业毕业.主持完成多项国家重大工程项目,1997 年获政府特殊津贴.曾任自动化院系统所专题组长、轧钢室主任、系统所副所长、北京金自天正智能控制股份有限公司常务副总经理、冶金自动化研究设计院副院长等职,现任北京市丰台区政协委员、中国自动化学会常务理事、中国金属学会常务理事,中国自动化学会应用委员会主任,中国金属学会冶金自动化分会主任,2007年3月19日起任中国钢研科技集团有限公司党委常委,2007年3月20日起任冶金自动化研究设计院院长兼法人代表,2003年1月27日起任公司董事长."
39,600961.SH,株冶集团,第3任(现任),曹修运,2012-07-19,2017-04-01,男,中国,硕士,1961,"曹修运先生简历:中共党员,硕士,教授级高级工程师,1983年7月进入株洲冶炼厂工作,1985年调中国有色金属工业长沙公司工作,1986年进入中南工业大学有色冶金系读研究生,1989年起先后在株洲冶炼厂任技术员、分厂副厂长、分厂厂长,1998年8月至2002年1月任株洲冶炼厂副厂长。2000年12月至2001年6月任株洲冶炼集团股份有限公司董事、副总经理,2001年6月至2002年1月任株洲冶炼集团股份有限公司董事、总经理,2002年1月至今任株洲冶炼集团股份有限公司董事。2002年1月至2004年9月任株洲冶炼集团有限责任公司董事、总经理。2004年9月至2010年11月任湖南有色金属控股集团党组副书记、总经理;2005年9月至今任湖南有色股份公司副董事长;2010年11月至今任湖南有色金属控股集团有限公司党委副书记、董事、总经理;2012年7月至今任株洲冶炼集团有限责任公司董事长;2000年12月至今任株洲冶炼集团股份有限公司董事;2012年7月至今任株洲冶炼集团股份有限公司董事长;2014年4月至今,中国五矿集团公司总裁助理兼五矿有色金属控股有限公司副总经理。"
40,000429.SZ,粤高速A,第4任,周余明,2007-11-28,2012-12-10,男,中国,本科,1953,"周余明:男,大学本科学历,高级工程师,1974 年4 月至1993 年5 月曾先后任江西抚州公路工程队队长,江西抚州公路分局局长和江西省公路管理局局长,1993 年5 月至1996 年3 月任广东省深汕高速公路筹建处副主任,1996 年3 月至1997 年9 月任京珠高速公路粤境北段建设管理处主任,1997 年9 月至2003 年3 月任广东省高速公路有限公司副总经理(其中2002 年1 月至2003 年3 月兼董事、党委委员),2003 年3 月至2007 年9 月任广东交通实业投资有限公司董事、党委委员、总经理,2007 年9 月起任本公司董事长、党委书记.现兼任广佛高速公路有限公司董事长、广东广惠高速公路有限公司副董事长、赣州康大高速公路有限责任公司副董事长."
41,603979.SH,金诚信,第1任(现任),王先成,2014-05-14,2017-05-13,男,中国,大专,1958,"王先成先生,1958年8月出生,中国国籍,无永久境外居留权,大学专科,中共党员,教授级高级工程师,现任金诚信矿业管理股份有限公司董事长。王先成先生于1997年12月至2000年5月任金诚信集团总经理,1999年3月至今任金诚信集团董事长、党委书记,2010年10月至2011年5月任金诚信有限董事长、总经理,2011年5月至2014年12月任公司董事长、总裁。王先成先生担任的主要社会职务有:中南大学及北京科技大学兼职教授、中国安全生产协会专家委员会专家组专家、国家安全生产监督管理总局“超大规模超深井金属矿山开采安全关键技术研究项目”领导小组成员,中国生产力学会副会长、赞比亚中华商会副会长、北京浙江企业商会副会长、世界生产力科学院院士(矿业)。"
42,300431.SZ,暴风科技,第1任(现任),冯鑫,2014-12-01,2017-11-30,男,中国,本科,1972,"冯鑫,男,中国籍,无境外永久居留权,1972年10月出生,大学本科学历,北京市石景山区政协委员。1989年至1993年,于合肥工业大学管理工程系工业管理工程专业学习,获得本科学历。1993年8月至1995年6月,就职于山西阳泉矿务局多种经营总公司;1999年3月至2004年5月,就职于北京金山软件公司,历任销售经理、市场渠道部总监、毒霸事业部副总经理;2004年7月至2005年7月,就职于雅虎中国工作,任个人软件事业部总经理;2005年8月至2006年12月,创办北京酷热科技有限公司,任总裁;2007年1月至今,创办北京暴风网际科技有限公司,后改制为北京暴风科技股份有限公司,任董事长、总经理。"
43,600637.SH,东方明珠,第8任,黎瑞刚,2014-06-20,2015-06-18,男,中国,硕士,1969,"黎瑞刚先生,汉族,中国国籍。1987-1994年在复旦大学新闻学院攻读新闻学专业,2001-2002年在美国哥伦比亚大学做访问学者。1994年起在上海电视台工作,历任上海文化广播影视集团总裁助理、上海电视台台长;上海文化广播影视集团副总裁、上海文广新闻传媒集团总裁、党委副书记;上海文化广播影视集团副总裁、上海广播电视台台长、党委副书记。2011-2012年任中共上海市委副秘书长、中共上海市委办公厅主任。现任中共上海广播电视台、上海文化广播影视集团有限公司委员会书记,上海广播电视台台长,上海文化广播影视集团有限公司董事长、总裁,华人文化产业投资基金董事长。自2015年5月27日起,为IMAX China Holding, Inc.非执行董事。其于2014年4月8日获委任为IMAX China Holding, Inc.董事,负责就本集团的业务与营运提供策略建议及指引。自2010年10月起，黎先生为WPPplc（纳斯达克：WPPGY）非执行董事。自2008年至2012年，其担任上海东方明珠（集团）股份有限公司（深交所：600832，但随后除牌）董事。黎先生毕业于中国复旦大学，并于1991年7月获得新闻文学学士学位，1994年7月，获得复旦大学新闻文学硕士学位。自2001年8月至2002年4月，黎先生为美国哥伦比亚大学的访问学者。2004年1月，其获上海新闻出版社高级专业技术资格鉴定委员会认定为高级编辑。"
44,002628.SZ,成都路桥,第1任,郑渝力,2010-04-28,2015-02-06,男,中国,本科,1963,"郑渝力先生,中国国籍,生于1963年2月,本科学历,高级工程师,现任成都市路桥工程股份有限公司董事长。1981年9月至1992年8月在温江公路养护总段工作,先后任团委干事、灌县养护管理分段党支部副书记、新津县养护管理分段党支部书记;1992年9月至1996年11月在成都市公路养护管理总段工作,先后任政治处副主任、副总段长、党委副书记、纪委书记;1996年12月至2000年8月在成都市公路工程处任处长;2000年9月至2004年2月在成都市路桥工程公司任董事长兼总经理;2004年3月至2007年1月在成都市路桥工程股份有限公司任董事长兼总经理;2007年2月至今在成都市路桥工程股份有限公司任董事长。"
45,002025.SZ,航天电器,第3任(现任),张兆勇,2016-01-23,2018-05-12,男,中国,硕士,1965,"张兆勇先生,男,中共党员,1965年1月出生,北京航空学院飞行器设计及应用力学系有翼导弹设计专业毕业、本科学历、工学学士,南京大学工商管理硕士,新加坡国立大学管理学硕士,研究员级高级工程师。1986年7月参加工作,现任中国航天科工集团第十研究院院长、党委副书记,贵州航天工业有限责任公司董事长。历任中国航天工业部二院二部一室技术员,中国航天工业总公司二院二部科技处副处级调度、副处长、处长,中国航天机电集团二院二部科技处处长,中国航天科工集团二院二部科技处处长,中国航天科工集团二院二部(研发部)主任助理、副主任,中国航天科工集团二院二十三所副所长、党委书记,中国航天科工集团二院发展计划部部长,中国航天科工集团二院二部主任兼党委副书记、北京仿真中心主任,中国航天科工集团061基地党委书记、副主任,贵州航天工业有限责任公司董事、副总经理,中国航天科工集团第十研究院党委书记、副院长等职。"
46,601006.SH,大秦铁路,第2任,杨绍清,2010-05-26,2015-08-12,男,中国,本科,1959,"杨绍清:1959年2月出生,男,中国国籍,大学本科学历,工学学士学位,提高待遇高级工程师,大秦铁路股份有限公司第三届董事会董事、董事长。杨先生自1991年9月至1999年7月历任北京铁路局天津分局天津东车辆段技术室主任、副段长、段长、党委副书记,1999年7月至2002年3月任北京铁路局车辆处处长,2002年3月至2004年6月任铁道部运输指挥中心(运输局)装备部副主任,2004年6月至2005年3月任郑州铁路局西安分局分局长,2005年3月至2008年3月任西安铁路局局长、党委副书记,2008年3月至2008年9月任北京铁路局局长、党委副书记,2008年9月至2010年4月任铁道部运输局副局长兼装备部主任,自2010年4月起任太原铁路局局长、党委副书记。"
47,601607.SH,上海医药,第5任(现任),楼定波,2013-06-05,2016-06-04,男,中国,硕士,1962,"楼定波先生,1962年2月出生。毕业于东北大学(原东北工学院)机械系,中欧国际工商管理学院高级工商管理硕士。工程师,高级经济师。在上海医药集团股份有限公司附属公司正大青春宝药业有限公司担任董事长职务。楼定波先生在企业经营管理、并购重组、金融产品套期保值和市场营销方面有着丰富的经验。自2012年7月起至今担任上海实业(集团)有限公司执行董事,分别自2012年10月、2012年7月起至今担任上海医药(集团)有限公司总裁、董事长。曾任宝钢不锈钢有限公司法人代表、执行董事、总经理,宝山钢铁股份有限公司(“宝钢股份”)副总经理兼不锈钢事业部总经理,宝钢股份总经理助理兼上海宝钢国际经济贸易有限公司法人代表及执行董事,宝钢股份销售部部长、销售中心总经理,宝钢集团广州宝钢南方贸易有限公司总经理兼书记、副总经理等职。楼定波先生还曾担任中国特钢企业协会不锈钢分会会长,国际不锈钢论坛(ISSF)执行理事,国际不锈钢论坛(ISSF)经济与统计委员会主席。"
48,600748.SH,上实发展,第4任,陆申,2008-10-09,--,男,中国,硕士,1956,"陆申先生,1956年8月出生。上海科技大学无线电工程学士,上海交通大学工商管理硕士。高级经济师。于2010年3月加盟上海医药集团股份有限公司,现为上海医药集团股份有限公司非执行董事,未在上海医药集团股份有限公司任何附属公司兼任董事。自2012年4月起至今担任上海实业控股有限公司(香港联交所上市公司,股票代码0363)执行董事,自2008年7月起至今担任上海实业发展股份有限公司(上海证券交易所上市公司,股票代码600748)董事长,自2011年4月起至今担任上实集团执行董事。曾任上海城市酒店董事长,上实置业集团(上海)有限公司董事、副总经理,上海实业联合集团股份有限公司董事、总经理,上海实业发展股份有限公司总裁、副董事长等职。彼在企业管理拥有多年经验。"
49,600343.SH,航天动力,第1任(现任),王新敏,2003-06-13,2016-03-29,男,中国,本科,1956,"王新敏,男,1956年1月出生,山东平度人。中共党员,大学本科学历,研究员。1975年6月至1978年11月在山东即墨拖拉机厂工作;1978年11月至1982年8月在哈尔滨工业大学金属材料热处理及设备专业学习;1982年9月至1989年5月任西安航天发动机厂(原陕西红光机械厂)技术处技术员、工艺室主任;1989年5月至1994年2月任该厂副总工艺师兼技术处副处长、处长;1994年2月至1994年6月任该厂副总工程师兼总工艺师、技术处处长;1994年6月至1994年8月任该厂副厂长;1994年8月至1996年4月任该厂副厂长兼总工程师;1996年4月至1997年8月任该厂长兼总工程师;1997年8月至1999年3月任该厂厂长兼科技委主任;1999年3月至今任西安航天科技工业公司(中国航天科技集团公司第六研究院)副总经理、常务副总经理,其中1999年12月至2002年1月任陕西航天动力高科技股份有限公司(以下简称“航天动力”)董事、总经理,2002年1月至今任航天动力董事长。"
50,600764.SH,中电广通,第4任,刘烈宏,2009-05-25,2010-08-24,男,中国,硕士,1969,刘烈宏先生，非执行董事，刘先生于中国西安交通大学毕业，获工商管理硕士学位，为研究员级高级工程师。刘先生有多年从事大型企业管理方面的工作经验。彼现任长城科技股份有限公司（联交所上市公司）董事长、执行董事和策略发展及风险控制委员会主席及中国电子信息产业集团有限公司（「中国电子」）董事及总经理。该等公司根据证券及期货条例（「证券及期货条例」）第XV部界定为冠捷科技有限公司主要股东。刘先生曾担任中国电子产业工程公司及中电广通股份有限公司（上海证券交易所上市公司）董事长、赛迪顾问股份有限公司（联交所上市公司）董事会主席、法人代表及非执行董事、中国电子信息产业发展研究院总裁、中国电子科技集团公司、第二研究所所长及第二十九研究所副所长。彼曾荣获「山西省青年科学家奖」、「山西省青年管理专家」、「山西省优秀青年企业家」等奖项。刘先生于二零零九年十月获委任为冠捷科技有限公司非执行董事。
51,002674.SZ,兴业科技,第1任(现任),吴华春,2010-12-26,2016-12-25,男,中国,硕士,1960,"吴华春先生:董事长,中国国籍,无境外永久居留权,1960年9月出生,先后毕(结)业于北京大学经济学院、香港国际商学院(MBA),高级经济师职称。1992年12月起任公司董事长兼总经理,具有20多年的制革经验,指导参与了公司多项技术革新与研发,是四项外观设计专利、八项实用新型专利及六项发明专利的设计人。历任中国皮革工业协会第五、六、七届理事会副理事长、中国皮革工业协会制革专业委员会副主任、中国国际商会晋江市商会第二届理事会副会长、福建省泉州市中外企业家联谊会名誉会长、福建省工商业联合会(总商会)副会长、福建省光彩事业促进会第三届理事会副会长、福建省皮革和合成革行业协会会长、泉州市皮革行业协会第一届会员代表大会副会长、泉州市慈善家、晋江市慈善总会副会长。先后获得“全国农村青年创业致富带头人”、“福建省农村青年创业致富带头标兵”、“福建省新长征突击手”、“海西新经济英雄”等称号。福建省第十一届政协委员、泉州市第十一届政协委员、晋江市第十六届人大代表。"
52,000722.SZ,湖南发展,第5任(现任),杨国平,2011-01-10,2017-03-27,男,中国,硕士,1963,"杨国平,男,汉族,1963年9月出生,中共党员,研究生学历,经济师,现任湖南发展投资集团有限公司董事长、党委书记。主要工作经历如下:1987.06-1988.10省国土管理局资源处科员。1988.10-1988.12省国土管理局区划处科员。1988.12-1989.12省国土管理局区划处副主任科员。1989.12-1990.12湖南省道县清溪乡人民政府工作组党委副书记。1990.12-1996.07省国土管理局区划处主任科员。1996.07-2000.09省国土测绘管理局区划处助理调研员。2000.09-2002.05省国土资源厅直属土地局副局长、调研员。2002.05-2006.04省国土资源厅直属土地管理局调研员、省国土资源(土地)交易中心主任、省土地资本经营有限公司常务副总经理(主持工作)。2006.04-2009.10省土地资本经营有限公司总经理、党委副书记。期间:2008.08-2010.06兼省铁路建设投资有限公司董事长。2009.10-2010.11湖南发展投资集团有限公司董事长、党委书记、总经理。2010.12至今湖南发展投资集团有限公司董事长、党委书记。2011.01至今湖南发展集团股份有限公司董事长。"
53,000656.SZ,金科股份,第5任,邓惠明,2008-03-27,2009-08-03,男,中国,硕士,1958,"邓惠明,男,汉族,1958 年4 月出生,中共党员,研究生学历,经济师.1981 年4 月至1992 年2 月,就职德阳市旌阳区农业银行,历任信贷员、信贷科长、办公室主任;1992 年2 月至1995 年1 月,任广西北海奇峰房地产开发公司 总经理;1995 年1 月至1998 年9 月,任德阳市金穗实业公司总经理;1998 年9月至2000 年5 月,任四川奇峰房地产开发有限公司总经理;2000 年5 月至2006年12 月,任四川奇峰实业(集团)有限公司董事长;2001年11月至2002 年5月,任四川华神集团股份有限公司副董事长;2006 年12 月至今,任四川奇峰实业(集团)有限公司副董事长."
54,600976.SH,健民集团,第4任,何勤,2010-09-16,2014-08-29,男,中国,博士,1960,"何勤,男,1960年生,中共党员,博士,获研究员资格。中国医科大学医学学士、硕士毕业,华中理工大学工商管理学院管理科学与工程博士。曾任深圳亿胜医药科技发展有限公司董事、总经理、香港亿胜生物集团(香港创业板上市公司)副总经理、中国科技开发院医药科技开发所所长、深圳智源医药实业发展有限公司总经理、武汉智源现代医疗用品有限公司董事长,华立医药集团有限公司副总裁,昆药集团股份有限公司(600422)总裁,重庆华立药业股份有限公司(000607)董事;2006年10月至今任昆药集团股份有限公司(600422)董事长,2010年9月至今任武汉健民药业集团股份有限公司(600976)董事长,2011年6月至今任华立集团股份有限公司副总裁、华方医药科技有限公司董事长、北京华方科泰医药有限责任公司董事长。"
55,000532.SZ,力合股份,第1任,梁学敏,1999-12-31,2001-04-16,男,中国,本科,1958,"梁学敏,男,57岁,本科学历,高级经营师、工程师。主要工作经历:曾任珠海经济特区电力开发(集团)公司党委书记、总经理,华电股份有限公司(后改名为力合股份)董事长,力合股份董事;2006年9月-2007年2月,任珠海经济特区电力开发集团有限公司董事长、总经理;2007年2月-2009年2月,任珠海经济特区电力开发集团有限公司董事长;2007年1月-2011年10月,任珠海经济特区富华集团股份有限公司(2010年9月更名为珠海港股份有限公司)副总裁;2007年4月至今,任珠海经济特区富华集团股份有限公司(后更名为珠海港股份有限公司)董事;2011年10月至2012年5月,任珠海港控股集团有限公司副总经理;2012年5月-2015年2月,任珠海港股份有限公司总裁;2015年2月至今,任珠海港控股集团有限公司董事、总经理。"
56,000017.SZ,深中华A,第6任,吴军,2009-08-13,2010-03-09,男,加拿大,本科,1956,"吴军先生,1956年2月出生,加拿大籍,1982 年毕业于北京交通大学电子工程系,电脑软件专业本科学历.1982 年2 月至1985 年8 月先后任职于电子工业部第十设计研究院计算中心、中国国际经济咨询公司、中国国际信托投资公司业务部进出口处.1985 年8 月至1990 年1 月任职中信兴业信托投资有限公司(中信集团全资下属机构)海外业务处副处长;1990 年1 月至1998 年1 月任上海国嘉实业股份有限公司(上海证交所A 股上市公司)总裁兼执行董事;2005 年1 月至2007年1 月担任正大置地有限公司资深副总裁、正大商业地产有限公司联席CEO、正大集团资深顾问;2007 年1 月至2009 年7 月先后担任深圳市国民投资发展有限公司副董事长、副总裁.担任国内A 股上市公司高管多年,以及担任多家国内外知名企业高管数十年,具有丰富的管理工作经验."
57,600780.SH,通宝能源,第2任,常小刚,2001-05-21,2012-02-01,男,中国,硕士,1963,"常小刚先生,1963年8月出生,汉族,中共党员,硕士学位.曾任职于山西省省交通厅、山西省公路局第一工程公司、山西省委组织部.1991年至 1996年,任山西省委办公厅秘书、副处级秘书、正处级秘书;1996 年至 1998 年,任山西省经济建设投资公司副总经理;1997 年至 2001 年任山西通宝能源股份有限公司董事长、总经理;1998 年至 2003 年任山西省地方电力公司董事、党组成员、副总经理、总经理;2003 年至 2008 年任山西国际电力集团有限公司董事、党委委员、总经理;2008年至今任山西国际电力集团有限公司董事长、党委书记、总经理;2007 年 4 月至 2008 年 1 月任山西证券有限责任公司董事;2008年 2月至今任公司董事.2014年9月至2015年2月任公司独立董事，现任中国广核集团有限公司外部董事，中央企业专职外部董事。"
58,300258.SZ,精锻科技,第1任(现任),夏汉关,2010-02-01,2016-05-09,男,中国,硕士,1965,"夏汉关先生:中国国籍,1965年出生,无境外永久居住权,中共党员,硕士,中欧国际工商学院EMBA,高级工程师,高级经济师,国务院特殊津贴专家。曾任姜堰市粉末冶金厂技术科科长,姜堰市粉末冶金厂副厂长,1992年起任公司副总经理,2000年起担任公司董事兼总经理,2005年起担任公司董事长兼总经理。现任江苏太平洋精锻科技股份有限公司董事长兼总经理,兼任控股股东江苏大洋投资有限公司董事长、全资子公司江苏太平洋齿轮传动有限公司董事长兼总经理。系齿轮行业优秀企业家(2004年),齿轮行业有突出贡献科技专家(2005年),中国锻压协会副理事长,全国锻压标准化技术委员会委员,中国锻压协会“头脑风暴”专家库专家,中国机械工程学会高级会员,中国机械工程学会塑性工程分会材料工程师(锻压)资格认证委员会委员、主任,全国汽车标准化技术委员会变速器分技术委员会委员,华中科技大学材料科学与工程学院兼职教授,江苏省首批产业教授(南京理工大学聘任)。"
59,002773.SZ,康弘药业,第1任(现任),柯尊洪,2013-06-21,2016-06-20,--,中国,本科,1954,"柯尊洪,1954年7月出生,中国国籍,拥有新加坡居留权,本科学历,高级工程师,执业药师,系第十二届全国人大代表,中国科学技术协会第八届全国委员会委员,中国化学制药工业协会副会长,世界中医药学会联合会-心血管病专业委员会第三届理事会副会长,四川省委省政府决策咨询委员会委员,第十届四川省工商业联合会副会长,曾任第十一届全国人大代表,第十届四川省人大常委会委员,第八届四川省政协委员。曾荣获全国首届优秀中国特设社会主义事业建设者、四川省优秀民营企业家、四川省优秀共产党员、成都市优秀共产党员、成都市劳动模范、2006年度唯一的成都市科技杰出贡献奖。从事医药行业工作30余年,曾任华西医科大学附属第一医院药剂科副主任,海南曼克星制药厂总经理,康弘制药总经理、董事,成都康弘药业集团股份有限公司总裁。自1998年至今担任成都康弘药业集团股份有限公司董事长。"
60,000875.SZ,吉电股份,第2任,徐元祥,2004-01-30,2005-11-15,男,中国,本科,1950,"2004-1-30:第四届连任,徐元祥:男,1950年5月18日出生.汉族.1968年10月参加工作.1971年7月加入中国共产党.1993年毕业于吉林省委党校党政管理专业.学历:大学.职称:高级经济师.现任吉林省能源交通总公司总经理兼党委书记.徐元祥同志1973年任吉化铁路运输公司团委书记;1975年任吉化铁路运输公司党委副书记;1979年任吉化铁路运输公司副经理;1984年任吉化铁路运输公司党委书记;1991年任吉化供销公司经理;1995年任吉化水泥厂厂长兼党委书记;1997年任吉林化学工业股份有限公司炼油厂厂长兼党委书记;2001年任中国石油天然气股份有限公司吉林石化分公司总经理助理兼吉林化学工业股份有限公司供应分公司经理、党委书记;2002年任吉林石化分公司专职总经理助理;2003年2月调入吉林省能源交通总公司任总经理兼党委书记;2003年2月任吉林新力热电有限公司董事.2003年5月至今任吉林电力股份有限公司三届董事会董事长."
61,000166.SZ,申万宏源,第2任(现任),储晓明,2015-02-11,2018-02-10,男,中国,硕士,1962,"储晓明,男,硕士,生于1962年,历任中国工商银行商业信贷部科员、副主任科员;中国工商银行技改信贷部项目评估处负责人、副处长;中国工商银行固定资产信贷部调查评估处处长;中国工商银行评估咨询部基础设施评估处处长;银通投资咨询公司总经理;中国工商银行资产风险管理部副总经理级调研员;中海石油财务有限责任公司副总经理;中海信托投资有限责任公司常务副总经理、党委书记、总经理;中国海洋石油东海公司党委书记;中海基金管理有限公司董事长。现任申万宏源集团股份有限公司和申万宏源证券有限公司党委书记,申万宏源集团股份有限公司副董事长,申万宏源证券有限公司董事长,上海申银万国研究所有限公司副董事长,申银万国(香港)集团有限公司副董事长兼总经理,申银万国(香港)有限公司董事长。"
62,600104.SH,上汽集团,第1任,陈祥麟,1999-07-01,2004-04-18,男,中国,本科,1945,"陈祥麟,于二零一二年一月十八日获委任为中国永达汽车服务控股有限公司的独立非执行董事.自一九九五年至二零零六年期间,陈先生担任上海汽车工业(集团)总公司的主席.于二零零四年四月至二零零八年六月期间,陈先生担任上海汽车集团股份有限公司(上交所股份代号:600104)监事会主席,于该公司其主要职责包括监督董事会及管理层活动以及该公司的内部控制.陈先生曾在政府部门担任多个高级职务,包括上海市人民政府副秘书长、上海市第一机电工业局副局长及上海市计划委员会主任.彼亦曾担任上海市经济团体联合会及上海市工业经济联合会副主席.陈先生于一九八九年获上海市经济系列(生产领域)高级专业技术职务任职资格评审委员会评为高级经济师.于一九九四年,陈先生获上海市职称改革工作领导小组及上海财经大学经济专业职务评审委员会认可为高级经济师,其后于一九九五年提升为高级国际商务师.陈先生于一九六七年毕业于复旦大学,并获得数学系本科文凭,并于二零零八年完成上海证券交易所组织的独立董事培训课程及中国证监会上海证监局组织的上市公司董事及监事培训课程."
63,300378.SZ,鼎捷软件,第1任(现任),孙蔼彬,2011-04-16,2017-05-19,男,中国台湾,博士,1948,"孙蔼彬先生:董事长,中国台湾籍,1948年出生,博士。1972年9月至1973年8月曾任美商通用电子公司程序工程师;1975年8月至1976年8月台湾淡江大学管理科学研究所讲师;1976年9月至1977年6月曾任职英商怡联股份有限公司;1977年7月至1978年6月复安食品股份有限公司厂长;1978年7月至1982年3月润泰工业股份有限公司财务襄理;1982年4月至2008年2月任鼎新股份董事长;2008年3月至2009年4月任台湾鼎新董事长;2009年5月任维尔京DIGIWIN的执行董事,2009年11月任萨摩亚SKY执行董事。2001年12月至2010年6月任鼎捷有限董事;2010年6月至2011年4月任鼎捷有限董事长;2011年4月至今担任鼎捷软件股份有限公司董事长。孙蔼彬先生长期从事公司信息系统的研究、开发与管理工作,先后被推选为台湾地区NICI民间咨询会委员;台湾地区产业发展咨询委员会委员;台湾地区商业电子化体系辅导推动计划会委员;台湾地区产业E化推动委员会召集人;台湾地区电子商务促进会副会长;台湾地区中华资讯管理学会常务理事;台湾地区中华ERP学会常务理事;台湾地区中华网络多媒体协会常务理事;台湾地区产业资讯化服务团团长;台湾地区医疗院所电脑化暨推动小组计划主持人。"
64,000571.SZ,新大洲A,第2任(现任),赵序宏,2001-08-09,2017-06-29,男,中国,大专,1949,"赵序宏:男,1949年出生,大专学历,高级经济师。1968年9月至1976年6月,任山东造纸总厂车间副主任;1976年6月至1978年8月,任济南市第一轻工业局宣传干事;1978年8月至1982年9月,任济南缝纫机厂宣传科长;1982年9月至1984年7月,在山东工业大学管理工程专业学习;1984年8月至1988年3月,任济南轻骑摩托车总厂办公室主任、销售公司总经理;1988年3月至1992年11月,任海南琼港轻骑摩托车开发有限公司总经理;1992年11月至2001年9月,任海南新大洲摩托车股份有限公司总裁;2001年9月至今,任海南新大洲控股股份有限公司董事长,历任新大洲本田摩托有限公司副董事长兼总经理、董事长;2004年9月至2013年8月,兼任新大洲控股股份有限公司总裁。2013年7月至今,任中航新大洲航空制造有限公司副董事长;2013年12月至今,任SanlorenzoS.p.A.董事。2002年2月至今,担任海南新元投资有限公司董事长。是新大洲控股股份有限公司第一至三届董事会董事,第三至七届董事会董事长。海南省企业联合会、海南省企业家协会副会长。"
65,000089.SZ,深圳机场,第5任(现任),汪洋,2010-05-28,2017-03-18,男,中国,博士,1964,"汪洋:男,1964年出生,中共党员,博士研究生,高级经济师,公司第四届和第五届董事会董事、董事长。汪洋先生现担任深圳市机场股份有限公司控股股东-深圳市机场(集团)有限公司董事长。已获得上市公司董事任职资格证书。主要工作经历:1989年9月至1992年8月武汉大学行政管理专业硕士研究生毕业;1997年9月至2001年6月中南财经政法大学博士研究生毕业;1999年2月至1999年10月美国加州大学圣地亚哥分校(UCSD)访问学者;1992年至2004年在深圳市人事局工作;2004年6月至2005年6月任深圳市国有资产监督管理委员会企业领导人员管理处处长;2005年6月至2007年3月任深圳市机场(集团)有限公司党委副书记、纪委书记;2007年4月至2010年11月任深圳市机场(集团)有限公司总经理,2010年4月至今任深圳市机场(集团)有限公司董事长、党委书记。2005年8月至2007年8月任深圳市机场股份有限公司监事会主席,2008年2月起任深圳市机场股份有限公司董事,2010年5月起任深圳市机场股份有限公司董事长。"
66,600757.SH,长江传媒,第3任,钱锋,2003-03-28,2005-01-17,男,中国,硕士,1945,"2003-05-28:第三届连任,钱锋、男、1945年11月出生、大专学历、工商管理硕士、高级工程师、中共党员、现任中国华源集团有限公司副总裁、上海华源企业发展股份有限公司副董事长、总经理.主要简历:1968.10-1972.1-'+&上海针织三厂干部1972.5-1988.2上海针织工业公司办公室主任、副经理、市纺织局针织行业管理处副处长1988.2-1995.3上海针织联合公司经理、上海针织公司总经理1995.3-1997.2上海针织(集团)有限公司董事长、党委副书记1997.2-1998.7上海申沃实业有限公司执行总经理1998.7-2001.3中国华源集团有限公司副总裁2001.3-2002.6中国华源集团有限公司副总裁兼上海华源投资发展(集团)有限公司董事长、总经理2002.6-至今兼上海华源企业发展股份有限公司副董事长、总经理."
67,000812.SZ,陕西金叶,第3任(现任),袁汉源,2010-04-09,2016-05-06,男,中国,硕士,1962,"袁汉源,男,1962年4月16日出生,广东省惠来县人,香港永久居民,硕士研究生学历。历任广州华南纺织有限公司销售部经理,汉华(香港)企业有限公司董事总经理,香港万裕发展有限公司董事总经理,陕西金叶科教集团股份有限公司第三届董事会董事、第四届董事局主席。现任香港万裕(集团)发展有限公司董事局主席兼总裁,中国万裕(集团)有限公司董事局主席,新加坡万裕(集团)发展有限公司董事长,美国万裕(集团)有限公司董事长,陕西金叶科教集团股份有限公司第五届董事局主席,西北工业大学明德学院董事长,陕西金叶房地产开发有限责任公司董事长,陕西金叶万润置业有限公司执行董事,陕西金叶印务有限公司执行董事。袁汉源先生是万裕文化产业有限公司(陕西金叶科教集团股份有限公司第一大股东)的实际控制人,现任陕西金叶科教集团股份有限公司董事局主席。"
68,600995.SH,文山电力,第4任(现任),杨育鉴,2013-12-26,2016-12-25,男,中国,硕士,1968,"杨育鉴,男,汉族,1968年1月出生,云南祥云人,大学本科学历,硕士学位,1990年7月参加工作,1996年7月加入中国共产党,高级工程师,现任云南电网公司总经理助理、企业管理部主任。1986.09-1990.07浙江大学电机工程系电力系统及其自动化专业读本科,1990.07-1991.04云南省送变电工程公司设计所设计员,1991.04-1997.07云南省送变电工程公司变电一处技术员、技术负责人、副主任,1997.07-1999.06云南江川县人民政府挂职科技副县长,1999.07-2001.06云南电力集团有限公司基本建设部主任工程师,2001.06-2003.06云南电力集团有限公司电力建设部电网建设管理处处长,2003.06-2005.01云南电网公司农电分公司副经理、农电局副局长,2005.01-2005.08云南电网公司玉溪供电局副局长(主持工作)、党委委员(2003年9月3日至9月29日参加南方电网公司第一期领导干部企业管理高级研修班培训),2005.08-2009.01云南电网公司玉溪供电局局长、党委副书记,(2008年10月14日至2009年1月14日参加中央党校国资委分校2008年秋季直属班培训),2009.02-2013.09云南电网公司副总经济师兼企业管理部主任(2009.04-2011.04云南云电同方科技有限公司董事;2009.11-2012.06云南大学高级管理人员工商管理专业(EMBA)读在职研究生,取得工商管理硕士学位),2013.09至今云南电网公司总经理助理、企业管理部主任。"
69,002102.SZ,冠福股份,第1任,林福椿,2005-10-10,2011-10-07,男,中国,高中,1947,"林福椿先生:公司董事长、技术负责人,男,1947 年出生,高中学历,高级工程师.1996 年4 月起至今担任福建省德化冠峰耐热瓷有限公司董事长,1999年6 月至2002 年9 月担任本公司前身福建省德化冠福陶瓷有限公司及福建省泉州冠福集团有限公司执行董事,2002 年9 月起至今担任本公司董事长;曾获得 ""泉州市经济技术创新能手""、""福建省优秀企业家""、""福建省劳动模范""等荣誉;现担任福建省人大代表、福建省高新技术发展协会理事、福建省乡镇企业协会副会长等社会职务.林福椿先生参与研制的耐热陶瓷煲系""国家级火炬计划项目""产品,于1999年获""全国发明展览会金牌奖"";2001 年主持研发了中温无铅镉骨锂瓷并获""全国发明展览会铜牌奖"";2002 年牵头开发了具有自主知识产权的轻质瓷和半瓷等产品."
70,601600.SH,中国铝业,第3任,葛红林,2015-02-26,2016-02-16,男,中国,博士,1957,"葛红林先生,58岁,执行董事、董事长,同时担任中国铝业公司董事长,自2015年2月26日起任职于中国铝业股份有限公司并担任董事长职务。葛先生毕业于北京科技大学金属材料及热处理专业(1987年-1989年在加拿大温莎大学从事博士论文研究),工学博士、教授级高级工程师,在冶金行业拥有逾20年的工作经验。葛先生在金属材料、企业管理、城市管理等方面有着深入的研究,具有丰富的理论学识和政企工作经验。曾先后担任上海钢铁研究所研究室副主任、科研处长、所长助理、副所长,上海第五钢铁厂副厂长(挂职),上海冶金控股(集团)公司董事、副总裁兼上海五钢集团公司董事长,上海宝钢集团公司董事、副总经理兼上海宝钢研究院院长、技术中心主任、集团规划部部长、上海五钢集团公司董事长,成都市人民政府副市长、代市长、市长,中国铝业公司董事长。"
71,600118.SH,中国卫星,第2任,芮晓武,2002-04-30,2005-06-13,男,中国,硕士,1959,"芮晓武先生:中国国籍,无境外居留权,1959 年5 月出生,中国电子集团控股有限公司主席。芮先生于1982年毕业于中国国防科技大学电子计算机软件专业，亦为硕士研究生及研究员，并享受中国国务院「政府特殊津贴」。芮先生现任本公司最终控股股东中国电子信息产业集团有限公司（「中国电子集团」）董事长。芮先生曾任中国航天工业部710所所长、中国航天科技集团公司总经理助理、中国卫星通信集团公司总经理及中国航天科技集团公司副总经理。芮先生亦曾担任中国卫星通信集团有限公司董事长、中国航天国际控股有限公司主席及非执行董事、北京四维图新科技股份有限公司（该公司于深圳证券交易所公开上市）董事长、中国天地卫星股份有限公司（该公司于上海证券交易所公开上市）董事长、航天科技国际集团有限公司主席、总裁及执行董事、航天科技通信有限公司主席及执行董事及亚太卫星控股有限公司主席及非执行董事。芮先生于2011年8月加入中国电子集团控股有限公司。"
72,601618.SH,中国中冶,第3任(现任),国文清,2013-09-04,2017-11-12,男,中国,硕士,1964,"国文清,1964年12月生,中国国籍,无境外居留权,现任中国冶金科工股份有限公司董事长(执行董事、法定代表人)、党委书记,同时担任中冶集团董事长(法定代表人)、总经理、党委副书记。国先生从1994年起历任河北省高速公路管理局副局长、局长兼党委书记、河北省高速公路开发有限公司董事长兼总经理、河北省港航管理局局长,2002年至2008年期间任路桥集团国际建设股份有限公司党委书记、执行董事、副总经理。2008年12月至2012年8月任中国冶金科工股份有限公司党委副书记、董事,其间,2009年4月至2012年7月任中冶集团董事、党委副书记。2012年7月至2014年8月任中冶集团副董事长、总经理(法定代表人)、党委副书记,2012年8月起任中国冶金科工股份有限公司党委书记,2013年9月起任中国冶金科工股份有限公司董事长(执行董事、法定代表人)。2014年8月起任中冶集团董事长(法定代表人)、总经理、党委副书记。国先生毕业于河北科技大学工商管理专业,获得学士学位,后在清华大学获得高级管理人员工商管理硕士学位,是教授级高级工程师和高级政工师。"
73,000555.SZ,神州信息,第7任,宋波,2010-07-01,2014-01-10,男,中国,本科,1968,"宋波先生:董事长,男,45岁,经济师,无锡轻工业学院本科毕业。曾任江苏大上海国际商务中心开发有限公司副总经理;昆山花桥国际商务城资产经营有限公司副总经理;现任昆山经济技术开发区资产经营有限公司副总经理、董事;深圳市太光电信股份有限公司董事长。兼任昆山开发区国投控股有限公司执行董事、总经理、法定代表人;昆山市申昌科技有限公司执行董事、总经理、法定代表人;昆山龙腾光电有限公司董事;昆山昆开国际会展中心有限公司执行董事、法定代表人;昆山尤尼康工业技术有限公司董事;江苏大上海国际商务中心开发有限公司董事;昆山市中科昆开创业投资有限公司副董事长;昆山开发区公交有限公司董事;昆山工研院新型平板显示技术中心有限公司董事;昆山经济技术开发区工业发展有限公司执行董事;新世纪光电(昆山)有限公司董事长、法定代表人。"
74,002622.SZ,永大集团,第3任(现任),李刚,2015-06-24,2017-04-17,男,中国,硕士,1957,"李刚,男,1957年8月出生,中国国籍,一九八五年毕业于北京邮电学院,二零零四年取得暨南大学工商管理硕士学位,高级工程师,第十届全国人大代表,曾获全国五一奖章及全国劳动模范。李刚先生于一九九九年八月至二零零五年十二月期间,曾经先后担任广东移动通信有限责任公司副董事长、总经理、董事长及北京移动通信有限责任公司董事长及总经理。于二零零零年五月至二零零五年十二月期间,担任中国移动(香港)集团有限公司执行董事。李刚先生于二零零五年十二月加入中国联合通信有限公司后担任副总经理。中国联合通信有限公司于二零零八年十二月更名为中国联合网络通信集团有限公司(“联通集团”,股份代码:HK0762)。李刚先生于二零零六年四月至二零零九年二月期间担任中国联合网络通信(香港)股份有限公司(“中国联通香港”)副总裁,于二零零六年四月至二零零八年十月期间担任中国联通香港执行董事。李刚先生于二零零九年二月至二零一四年六月期间担任联通集团副总裁,同时担任中国联通香港董事及高级副总裁。此外,李刚先生自二零一一年十一月起担任电讯盈科有限公司(股份代码:HK0008)非执行董事及董事会薪酬委员会委员。自二零一四年十一月十七日起担任中国信贷控股有限公司(股份代码:HK8207)非执行董事。"
75,300433.SZ,蓝思科技,第1任(现任),周群飞,2014-06-25,2017-06-19,女,中国香港,大专,1970,"周群飞,女,1970年生,中国香港永久居民,大学专科学历,身份证号码:R008***(*)。1993年进入玻璃加工行业,经长期实践积累掌握了丰富的行业经验。2003年创办了深圳蓝思;2004年创办了香港蓝思科技并担任董事至今;2006年创办了蓝思旺、昆山蓝思并担任董事长至今;2006年12月,创办了蓝思有限并先后任执行董事、董事长、总经理;2010年创办了蓝思国际、香港3D并担任董事至今,同年12月创办了三维科技并担任董事长兼总经理至今;2011年创办了长沙蓝思并担任董事长、总经理至今;2012年创立了蓝思湘潭和湘潭蓝思,并担任蓝思湘潭董事至今;2011年6月至今,担任发行人董事长,并兼任总经理,最新任期自2014年6月起任期三年,履行董事职责并全面负责公司的发展战略规划及经营和管理工作。"
76,600309.SH,万华化学,第1任(现任),丁建生,2001-12-13,2017-05-21,男,中国,硕士,1954,"丁建生,男,1954年11月出生,新加坡国立大学MBA、泰山学者。历任烟台合成革总厂MDI分厂车间副主任、副总工程师、技术中心副主任,烟台万华聚氨酯股份有限公司董事长兼总经理,首席技术专家。现任万华化学集团股份有限公司董事长,万华实业集团有限公司总裁兼党委书记,匈牙利宝思德化学公司董事长兼CEO,中国国家聚氨酯工程研究中心主任。丁建生先生2009年荣获山东省科技最高奖;2008年获得国家科技进步一等奖第一位;2005年获得第五届山东省优秀科技工作者,并获省人事厅二等功;2001年被评为山东省十佳高新技术企业家;2000年被山东省科委评为省十大高新技术企业家,享受国务院特殊津贴;1999年获国家科技进步二等奖第一位;1998年获省科技进步一等奖第一位;1994年获化工部科技进步二等奖。"
77,000831.SZ,*ST五稀,第2任,李庆,2006-12-29,2009-04-27,男,中国,硕士,1964,"李庆先生:男,1964年9月出生,山西临猗人,中共党员,MBA研究生,1981年9月参加工作,1987年4月加入中国共产党,山西关铝集团有限公司董事长、山西关铝股份有限公司董事长、山西关铝集团有限公司党委副书记. 1981年9月至1983年9月 为青岛海军第一航空机务学校学生; 1983年9 至1984年11月 任海军38570 部队技术员; 1984年11月至1986年10月 为北方交通大学计算机系学生; 1986年11月至1987年9月 任海军38570 部队分队长; 1987年9月至1995年4月 为运城地委组织部干部科科员; 1995年4月至1998年8月 任运城地委组织部青干科副科长; 1998年8月至2001年12月 任运城市委组织部干部综合科副科长(正科级); 2001年12月至2006年12月 任山西关铝股份有限公司副总经理; 2003年1月至2006年4月 兼任山西关铝股份有限公司电解一分厂厂长; 2003年1月至2006年7月 兼任电解一分厂党委书记. 2006年11月30日至今 任山西关铝集团有限公司党委副书记、党委委员; 2006年12月21日至2009年4月 任山西关铝股份有限公司董事长; 2006年12月21日至今任山西关铝集团有限公司董事长."
78,600757.SH,长江传媒,第9任(现任),潘启胜,2014-09-29,--,男,中国,硕士,1965,"潘启胜,男,1965年1月出生,中国国籍,无境外永久居留权,硕士研究生。1984年7月至1992年4月任原黄冈地区计划委员会科员;1992年4月至1998年6月担任黄冈市委办公室科员;1998年6月至2005年7月任黄冈市体育局副局长、党组成员;2005年7月至2005年12月任黄冈市环保局局长、党组副书记;2005年12月至2009年2月任湖北省商务厅副厅长、党组成员;2009年2月至2011年9月任襄阳市委常委、南漳县委书记、县人大主任;2011年9月至2011年11月任襄阳市委常委;2011年11月至2012年9月任孝感市委副书记;2012年9月至2014年3月任孝感市委副书记、副市长;2014年3月至2014年8月任孝感市委副书记;2014年8月至今任湖北长江出版传媒集团有限公司董事长、党委书记。"
79,000619.SZ,海螺型材,第3任,纪勤应,2009-04-16,2009-10-26,男,中国,本科,1956,"纪勤应先生,1956年6月出生,高级工程师,纪先生现为安徽海螺水泥股份有限公司第五届董事会执行董事、总经理。纪先生于1980年毕业于上海建材学院,并加入本集团,于一九八九年十二月通过远程进修毕业于北京经济管理职业学院经济管理专业。纪先生于一九八零年加入海螺水泥的前身集团，历任原宁国水泥厂运营副厂长、铜陵海螺副总经理及海螺型材董事长等多个领导职务。在水泥企业的生产经营管理方面具有比较丰富的经验。纪先生曾担任安徽海螺水泥股份有限公司第一届至第三届监事会监事、第四届董事会执行董事。纪先生自二零零二年十一月起一直担任海创投资董事，负责监管海川工程、海川节能、海昌港务及海螺水泥集团的业务策略、方针及营运。彼自二零一三年五月起担任海创投资总经理。纪先生拥有三十多年建材行业经验，尤其擅长项目投资、建设管理、市场开发、生产、日常营运及行业管理。自二零零九年十二月至二零一三年十一月，纪先生担任海螺水泥的执行董事。二零一三年十一月，纪先生自愿辞任上述职务，全身心投入本集团事务。加入本集团前，纪先生曾任职于以下公司或实体（视情况而定）：在职时间实体名称主要职位主要职责一九八零年二月至一九九三年十二月，宁国水泥厂运营副厂长厂房设备管理。一九九五年九月至一九九六年十二月，安徽铜陵海螺水泥公司（‘铜陵海螺’）副总经理策略规划及发展。一九九七年六月至二零零五年五月，海螺水泥监事监事会事务。二零零八年六月至二零零九年八月，海螺水泥发展部部长市场发展。二零零九年十月至二零一三年五月，海螺水泥总经理生产及日常营运。二零零九年十二月至二零一三年十一月，海螺水泥执行董事监督日常营运。二零零零年九月至二零一三年五月，海螺集团公司副总经理市场发展。二零零三年六月至二零零八年四月，海螺型材总经理生产及日常营运。二零零八年四月至二零零九年十一月，海螺型材董事长主持董事会会议及事务。二零零二年十一月至今海创投资董事监督日常营运。二零一三年五月至今，海创投资总经理日常管理于最后可行日期。纪先生为集团工会之工会会员受益人，而集团工会由控股股东刘毅先生以集团工会之工会管理人身份控制。彼亦为海川工程及海川节能之董事。纪勤应为的执行董事兼现为中国海螺创业控股有限公司行政总裁。彼于二零零七年十月加入本集团，主要负责本集团业务营运之日常管理。"
80,600455.SH,博通股份,第6任(现任),王萍,2015-03-23,2017-08-27,女,中国,硕士,1975,"王萍,女,1975年10月出生,中共党员,硕士研究生学历,会计师.1998年7月西北大学会计学专业本科毕业,2010年7月香港理工大学工商管理硕士毕业.1998年7月参加工作,先后任职于西安交通大学产业(集团)总公司财务部会计,西安交大思源科技股份有限公司财务部部长、财务总监,西安交大药业(集团)有限公司副总经理、财务总监;现任西安交大博通资讯股份有限公司董事，西安博通资讯股份有限公司董事长、法定代表人、总经理,曾任西安交大博通资讯股份有限公司副总经理、财务总监.2010年9月2日起任职总经理,2005年5月27日、2006年8月3日、2011年6月30日分别被选举为西安交大博通资讯股份有限公司第二届、第三届、第四届董事会董事;2010年9月10日担任西安交通大学城市学院第二届董事会董事."
81,000835.SZ,长城动漫,第8任(现任),赵锐勇,2014-09-05,2018-07-22,男,中国,大专,1954,"赵锐勇,男,汉族,1954年11月出生。国家一级作家。曾任诸暨电视台台长,《东海》杂志社社长、总编,《少儿故事报》报社社长、总编,浙江影视创作所所长。现为中国电视家协会理事,中国作家协会会员,浙江省电视家协会副主席,浙江省作家协会主席团成员。现任长城影视文化企业集团有限公司执行董事兼总经理、长城影视股份有限公司董事长、浙江青苹果网络科技有限公司董事长、诸暨长城国际影视创意园有限公司董事长、石家庄新长城国际影视城有限公司执行董事、滁州长城国际动漫旅游创意园有限公司执行董事兼总经理、杭州长城动漫游戏有限公司执行董事兼总经理、滁州海泰城润投资管理有限公司执行董事、滁州格沃陆鼎投资管理有限公司执行董事、滁州创驰天空投资管理有限公司执行董事、杭州长城股权投资基金合伙企业(有限合伙)有限合伙人、滁州新长城股权投资基金管理中心(有限合伙)普通合伙人。2014年9月5日起出任四川长城国际动漫游戏股份有限公司第七届董事会董事长。"
82,601880.SH,大连港,第2任(现任),惠凯,2012-04-27,2017-07-30,男,中国,博士,1964,"惠凯先生,51岁,中国国籍,大连港股份有限公司董事长及执行董事。惠先生于1987年从大连工学院土木系港口及航道工程专业毕业后,曾历任营口港建设指挥部副指挥;营口港务局港口建设发展总公司经理;营口港务局副局长;营口市计划委员会副主任、党组副书记;营口市外经贸委主任、党委书记;营口市对外贸易经济合作局局长、党委书记;大连港务局副局长;大连市港口管理局局长、党组书记;大连市港口与口岸局局长、党组书记,大连口岸党工委副书记;大连市旅顺口区委副书记、区长;大连市发展和改革委员会主任。现任大连港集团有限公司董事长、总经理、党委副书记,大连港股份有限公司董事长。惠先生拥有大连理工大学管理科学与工程专业博士学位、美国罗斯福大学工商管理专业硕士学位、大连海事大学交通运输规划与管理专业硕士学位。"
83,002055.SZ,得润电子,第1任(现任),邱建民,2002-11-29,2017-11-20,男,中国,大专,1962,"邱建民先生,中国国籍,1962年出生,大专学历,无永久境外居留权。1989年创建深圳市宝安得胜电子,曾任董事长、总经理;1992年创建深圳市得润电子股份有限公司,先后担任董事长、总经理,现任深圳市得润电子股份有限公司董事长,兼任公司全资/控股子公司合肥得润电子器件有限公司、青岛海润电子有限公司、青岛得润电子有限公司、青岛恩利旺精密工业有限公司、绵阳虹润电子有限公司、绵阳得润电子有限公司、长春市金科迪汽车电子有限公司、金工精密制造(深圳)有限公司、柏拉蒂电子(深圳)有限公司、深圳华麟电路技术有限公司、深圳市品润电子有限公司董事长,深圳得润精密零组件有限公司副董事长,深圳得康电子有限公司、得润电子(香港)有限公司董事,重庆瑞润电子有限公司执行董事。"
84,300023.SZ,宝德股份,第1任(现任),赵敏,2009-04-28,2018-08-02,男,中国,硕士,1957,"赵敏先生:1957年12月出生,高级工程师,中国国籍,无其他国家或地区永久居留权。1982年1月毕业于西安理工大学自动化专业,获工学学士学位;1992年7月毕业于重庆大学自动化专业,获得工学硕士学位;2008年12月毕业于清华大学EMBA,获得工商管理硕士学位。1982年至1995年任西安重型机械研究所高级工程师,从事工业自动化设计工作,参加多项国家重点科技项目的主持设计工作;1995年至1996年任中外合资德马格冶金设备技术有限公司电气总工;1997年至2000年任西安伟德控制工程有限责任公司总经理。2001年与邢连鲜女士创立西安宝德自动化股份有限公司,历任总经理、执行董事,现任西安宝德自动化股份有限公司董事长。1995年获国家科学技术进步二等奖,2006年获高新区创业者奖,2007年获西安市科学技术一等奖,2009年获西安市高新区“劳动模范”称号。"
85,600699.SH,均胜电子,第2任,赵利,2005-03-07,2010-11-04,男,中国,--,1963,"赵利 男,1963 年3 月出生,工程师职称,中共党员.1982 年参加工作1982-1987 辽源化纤厂车间工人1987-1989 辽源化纤厂前纺车间副主任1989-1992 脱产到北京服装学院学习1992-1995 化纤制造公司牵伸车间主任1995-1996 化纤制造公司细旦丝车间主任1996-1997 任公司综合部部长,并参加辽源市委""跨世纪中表年干部培训""1997-1998 公司副总经理、总经理助理,兼化纤制造公司副经理1998-2001 年(5 月27 日)公司董事,副总经理,兼化纤制造公司副经理2001 年5 月28 日起任公司董事、总经理2005 年3 月起至今任公司董事长、总经理、党委书记."
86,000529.SZ,广弘控股,第6任,周凯,2014-03-21,2015-11-10,男,中国,硕士,1956,"周凯,男,1956年5月出生,中共党员,硕士研究生学历,副教授职称。1973年9月参加工作,1973年9月至1976年9月任广西百色青年农场生产队长;1976年9月至1978年9月在广西百色汽车总站大修厂工作;1978年9月至1982年7月在广西大学经济系政治经济学专业学习;1982年7月至1985年9月在广西大学经济系任教;1985年9月至1988年7月在华南师范大学政治系攻读经济学专业硕士;1988年7月至2000年6月历任广东省财贸管理干部学院财政金融系教师、财税教研室主任、系主任助理、系副主任、系主任、系党支部书记;2000年7月至2001年7月任广东省商贸资产经营有限公司董事、副总经理、党委委员;2001年7月至2009年5月任广东省广弘资产经营有限公司董事、副总经理、党委委员;2009年5月至2014年1月任广东省商业企业集团公司总经理、党委副书记;2014年1月至今任广东省商贸控股集团有限公司董事、总经理、党委副书记;2014年1月至今任广东省广弘资产经营有限公司董事长、党委书记;2014年3月至今任广东广弘控股股份有限公司董事长。"
87,300006.SZ,莱美药业,第1任(现任),邱宇,2007-09-08,2017-01-23,男,中国,硕士,1968,"邱宇先生,1968年5月出生,中国国籍,无境外居留权,研究生学历。1989年毕业于华西医科大学;2001年至2003年于重庆医科大学药物化学研究生班学习;1989年至1994年任职于中国医学科学院输血研究所,从事科研工作;1996年至1999年任职于成都高新医药研究所,从事新药研发;1999年至2009年6月担任药友科技董事长;2000年至今担任莱美医药董事长;1999年至今担任莱美药业董事长,2002年至今兼任莱美药业总经理,2010年兼任湖南康源董事长,2011年兼任四川禾正董事长,2012年兼任云南莱美执行董事,2012年11月至2014年8月兼任莱美禾元董事长、经理,2013年兼任金星药业董事长、2014年兼任广亚医药执行董事、西藏莱美执行董事。邱宇先生从事药品研究、生产、销售管理二十余年,具有非常丰富的医药行业管理经验。"
88,603026.SH,石大胜华,第1任(现任),郭天明,2012-04-22,--,男,中国,博士,1964,"郭天明先生,汉族,1964年生,中国国籍,无境外永久居留权;博士后,研究员,硕士生导师。华东石油学院炼制系本科毕业,获工学学士学位;北京大学图书馆学系研究生毕业;中国人民大学商学院管理学硕士学位;中国人民大学商学院博士研究生毕业,获管理学博士学位。中国矿业大学(北京)管理科学与工程博士后。1987年研究生毕业后进入中国石油大学(华东)图书馆图书情报教研室工作,主要从事本科生教学工作,期间担任图书情报教研室主任;1996-1998年在中国石油大学(华东)胜华炼油厂催化车间工作;1998-2002年任中国石油大学(华东)新地实业公司副经理、经理;2002-2009年任山东石大胜华化工集团股份有限公司-总经理;2009-2013年6月任山东石大胜华化工集团股份有限公司-董事长、总经理。2013年6月至今任山东石大胜华化工集团股份有限公司-董事长;2012年5月至今任石大维博执行董事;2014年任胜华新材料董事长。"
89,601010.SH,文峰股份,第1任(现任),徐长江,2008-06-06,2017-06-24,男,中国,大专,1951,"徐长江,男,中国国籍,1951年7月出生,大专文化,中共党员。曾任大庆油田采油五部六分站副站长、站长,南通市文峰饭店商品部经理,南通市文峰饭店副总经理、总经理、党支部书记,南通大饭店总经理、党支部书记,江苏文峰集团有限公司董事长,南通市旅游局党组副书记、副局长。现任文峰大世界连锁发展股份有限公司董事长,江苏文峰集团有限公司董事长、总经理,南通市文峰饭店有限公司董事长,南通大饭店有限公司董事长,南通新有斐大酒店有限公司董事长。于2001年获“全国五一劳动奖章”,江苏省第十次党代会代表;2003年当选第十届全国人大代表;2007年获得江苏优秀中国特色社会主义事业建设者,南通民营经济争创“名企、名品、名人”2006年度人物,中国连锁经营协会“第二届中国连锁业成就奖”;2008年当选江苏省第十一届人大代表;2010获南通民营经济争创“名企、名品、名人”2009年度人物,江苏省杰出民营企业家;2012年获2011南通经济年度人物,2011年度民营金牌企业家;2013年当选第十二届全国人大代表。"
90,603126.SH,中材节能,第1任(现任),张奇,2013-12-25,2016-12-24,男,中国,硕士,1964,"张奇,中国国籍,无境外永久居留权,男,50岁,硕士研究生,教授级高级工程师,注册设备监理工程师,2009年获天津市劳动模范称号。张奇先生2001年7月至2007年7月,任中国建材技术装备总公司副总经理;2003年4月至2007年7月,兼任北京国宇建材工程有限责任公司董事;2004年8月至2007年7月,兼任中国建材装备有限公司董事、副总经理,中国成套设备工程协会、中国设备监理协会副会长;2009年7月至2011年12月,任中材节能股份有限公司全资子公司武汉建筑材料工业设计研究院有限公司董事;2007年7月至今,任中材节能股份有限公司董事、董事长;2010年11月至今,任南通万达锅炉有限公司董事长。张奇先生现任中材节能股份有限公司董事、董事长的任期为自2013年12月25日起三年。"
91,000680.SZ,山推股份,第2任,董平,1999-11-17,2002-06-01,男,中国,硕士,1956,"董平先生,1956年出生,工商管理硕士,高级工程师,山推工程机械股份有限公司董事。1975年8月参加工作,1982年8月加入公司,历任小松山推工程机械有限公司董事长,泰安东岳油缸有限责任公司董事长,山东工程机械集团有限公司副董事长、总经理,山东锐驰机械有限公司董事,山东山推机械有限公司董事长,山东工程机械集团有限公司副董事长、总经理、党委副书记,山推工程机械股份有限公司董事长、党委书记。现任山东重工集团有限公司副董事长、党委委员,山推工程机械股份有限公司董事,山重融资租赁有限公司董事长,潍柴动力(青州)传控技术有限公司董事长,山重建机有限公司董事,山东山推机械有限公司董事,山东省第十一届人大代表。具有丰富的机械制造企业综合管理、中外合资企业管理和发展与战略管理经验。"
92,000042.SZ,中洲控股,第3任,朱新宏,2011-04-01,2012-05-31,男,中国,硕士,1961,"朱新宏,男,1961年出生,山西财经学院学士,美国罗斯福大学、北京大学光华管理学院工商管理硕士,高级经济师.1983年至1986年在郑州航空工业管理学院经营管理系任教师(期间航空工业部计划司借调半年);1986年2至6月在北京语言学院进修英语;1986年6月至1988年5月在英国伯明翰大学经济分析专业做访问学者;1988年5至11月在郑州航空工业学院任教师;1988年11月起先后任深圳信息管理办公室、市信息中心经济预测部部长兼《经济动态》主编,深圳市统计信息局综合处副处长(主持工作),深圳市统计学会秘书长;1996年7月至2003年6月先后担任深圳市投资管理公司企管部负责人、副部长,债务清缴部部长,人力资源部副部长;1999年3月至2000年3月兼任金地(集团)股份有限公司董事;2000年3月至2003年6月兼任深西电机制造有限公司董事长;2003年6月起任深圳科技工业园总公司监事会监事、监事会主席;2006年12月起任深圳巴士集团股份有限公司监事会主席(2006年05-2008年05兼任深圳市信息管线有限公司监事会主席);2011年02月起任本公司党委书记."
93,600291.SH,西水股份,第3任,初育国,2009-01-11,2012-05-18,男,中国,博士,1966,初育国先生，于二零一二年三月二十六日获委任为中国9号健康产业有限公司独立非执行董事。彼为中国9号健康产业有限公司提名委员会及企业管治委员会成员。初先生为北京大学博士研究生。彼曾任北京大学计算机科学技术系党委副书记，北京大学教务部副部长兼招生办主任，北京大学资产管理部部长及北大科技园董事长兼总经理。彼现任宇达董事、北大青鸟董事暨总裁、北大高科技及北京北大青鸟国际教育投资管理有限公司董事、以及北京科技园文化教育建设有限公司董事长。彼分别于二零一二年五月十九日及二零一二年六月二十日辞任内蒙古西水创业股份有限公司（中国A股上市公司）董事长及北京北大青鸟环宇科技股份有限公司（一间于香港联合交易所有限公司上市之公司）之主席暨非执行董事。
94,600373.SH,中文传媒,第5任(现任),赵东亮,2013-05-07,--,男,中国,硕士,1963,"赵东亮,1963年出生,硕士研究生。1983年8月参加工作,历任江西省玉山县南山乡党委书记、乡长、人大主席、江西省广丰县政府副县长、江西省上饶县委书记、县长;2005年1月任江西省上饶市委常委、鄱阳县委书记;2006年11月任江西省九江市委常委、市人民政府常务副市长、党组副书记;2008年5月任江西省南昌市委常委;2008年6月任江西省南昌市委常委,市人民政府常务副市长、党组副书记;2011年8月任江西省出版集团公司党委副书记;2011年9月任江西省出版集团公司总经理;2012年1月12日至2013年4月任公司副董事长;2013年4月任江西省出版集团公司党委书记、董事长;2013年5月7日至今任中文天地出版传媒股份有限公司董事长。荣获“中国十大出版人物”。"
95,000416.SZ,民生控股,第4任,余政,2009-06-23,2011-01-09,男,中国,博士,1960,"余政,男,汉族,1960 年11 月出生,浙江省富阳市人,中共党员,经济学博士,副教授.主要学习、工作经历:1979 年9 月-1983 年7 月,在兰州大学经济系学习,获经济学学士学位;1983 年9 月-1986 年7 月,在福建师范大学经济系学习,获经济学硕士学位;1994 年9 月-1998 年7 月,在复旦大学经济学院学习,获经济学博士学位;1986 年7 月-1996 年12 月,在浙江财经学院工作,历任教研室副主任、马列部副主任、社科部主任等职;1996 年12 月起,曾任光彩事业投资集团有限公司总裁助理、副总裁、总裁,泛海建设集团股份有限公司常务副总裁,民生投资管理股份有限公司第六届董事会董事长,中国泛海控股有限公司副总裁,泛海建设集团股份有限公司第三届、第四届董事会董事.现任中国泛海控股集团有限公司执行董事、副总裁,泛海投资股份有限公司副董事长兼总裁,泛海能源投资包头有限公司董事长,泛海建设集团股份有限公司第六届监事会主席."
96,600520.SH,中发科技,第1任,黄明玖,2000-04-27,2005-12-12,男,中国,硕士,1962,"黄明玖:男,1962年出生,中国籍,无境外永久居留权,工商管理研究生,工程师。1999年获安徽省优秀青年企业家称号;1998年7月至2000年3月,先后任铜陵宏光模具有限公司董事长、铜陵市三佳电子(集团)有限责任公司副总经理、总经理、副董事长;2000年4月起至2006年5月任铜陵三佳模具股份有限公司董事长、铜陵市三佳电子(集团)有限责任公司副董事长;2006年至2010年在铜陵市工业国有资产经营有限公司任总经理;现任安徽蓝盾光电子股份有限公司监事、铜陵永盛科技投资有限公司董事兼总经理、铜陵市精益投资有限责任公司监事、安徽耐科挤出科技股份有限公司董事长、铜陵耐思科技有限公司执行董事;股份公司设立后至今,任董事。"
97,600610.SH,中毅达,第5任(现任),刘效军,2015-11-25,2017-11-04,男,中国,本科,1962,"刘效军,男,1962年9月出生,中共党员,本科学历,经济师。现任云南东方柏丰投资有限责任公司副总经理常务副总经理、云南柏丰投资(集团)有限公司常务副总经理。主要经历:1980年至1984年9月昆明人民银行护国办事处出纳科科员、副科长,1984年9月至1986年9月云南广播电视大学经济管理专业学生,1986年7月至1990年7月工商银行护国路办事处计划科副科长,1990年毕业于西南财经大学金融专业本科,1990年7月至1993年9月,工商银行护国路办事处计划信贷科科长,1992年取得经济师资格(中级职称),1993年9月1997年5月,云南省工商银行信托投资股份公司信托部经理,1997年5月至2003年12月,云南金旅信托投资股份公司总经理助理、副总经理,2004年2月至2005年3月云南润田实业公司总经理,2005年3月至2007年6月云南西部开发投资股份公司常务副总经理,2007年7月至今云南东方柏丰投资有限责任公司副总经理、常务副总经理。"
98,000969.SZ,安泰科技,第2任,干勇,2002-04-21,2011-04-22,男,中国,博士,1947,"董事干勇先生:1947年生,工学博士,中国工程院院士,中国工程院副院长,中国科协常委,教授级高级工程师,博士生导师,国家级有突出贡献中青年专家,享受国务院政府特殊津贴。曾任原钢铁研究总院炼钢研究室主任、副院长、常务副院长、党委书记、院长,安泰科技股份有限公司董事长,中国钢研科技集团公司总经理,公司第一、二届董事会董事长,中国钢研科技集团有限公司董事长、党委副书记。现任中国钢研科技集团有限公司科学技术委员会主任委员,钢铁研究总院院长,中联先进钢铁材料技术有限责任公司董事长,兼任中国稀土学会理事长,中国金属学会副理事长,中国材料研究会副理事长,连铸技术国家工程研究中心主任。曾当选为中共十六大代表并任十六大主席团成员、中共十七大代表,第十二届全国政协委员。任公司第三届董事会董事长。2014年3月18日辞去公司董事长职务。"
99,601186.SH,中国铁建,第2任(现任),孟凤朝,2010-12-28,2017-10-27,男,中国,本科,1958,"孟凤朝先生,56岁,中国国籍,无境外居留权,现任中国铁建股份有限公司董事长、党委书记,同时兼任中铁建总公司董事长、总经理、党委副书记。孟先生对中国建筑行业有深刻的认识和理解,具有深厚的知识和丰富的经营管理经验。孟先生于1982年1月至1998年5月期间,曾在铁道部及其下属工程公司出任多个职位。于1998年5月至2000年1月,担任中铁建设开发中心总经理助理。2001年1月至2004年12月,孟先生担任中国最大铁路基建承包商之一的中国铁路工程总公司副总经理及党委常委,并于2001年4月至2002年8月兼任中铁大桥局集团有限公司董事长。2004年12月至2005年9月,担任中国港湾建设(集团)总公司(中国交通建设股份有限公司前身公司之一)总经理及党委副书记;2005年9月至2010年5月,先后担任中国交通建设集团有限公司(一家于香港联交所主板上市的公司,股份代码:1800)董事、总经理、副董事长及党委书记,并于2006年8月至2010年5月任中国交通建设股份有限公司副董事长、总经理及党委书记。孟先生自2010年5月起任中铁建总公司董事长、总经理、党委副书记,自2010年12月起任中国铁建股份有限公司第一届董事会执行董事、董事长、党委书记,2011年5月起担任中国铁建股份有限公司第二届董事会执行董事、董事长、党委书记。孟先生毕业于西南交通大学隧道及地下铁道专业,获工学学士学位,是教授级高级工程师,享受国务院政府特殊津贴。"
